model,seed,validation_selected_threshold,pr_auc,brier_score,ece_10bin,stored_f1,recomputed_f1_difference,fixed_0p5_threshold,fixed_0p5_tp,fixed_0p5_fp,fixed_0p5_fn,fixed_0p5_tn,fixed_0p5_precision,fixed_0p5_recall,fixed_0p5_f1,fixed_0p5_iou,fixed_0p5_oa,fixed_0p5_boundary_precision,fixed_0p5_boundary_recall,fixed_0p5_boundary_f1,fixed_0p5_patch_sampled_area_relative_bias,fixed_0p5_patch_area_fraction_mae_pp,fixed_0p5_patch_area_fraction_median_ae_pp,fixed_0p5_patch_area_fraction_signed_error_pp,val_threshold_threshold,val_threshold_tp,val_threshold_fp,val_threshold_fn,val_threshold_tn,val_threshold_precision,val_threshold_recall,val_threshold_f1,val_threshold_iou,val_threshold_oa,val_threshold_boundary_precision,val_threshold_boundary_recall,val_threshold_boundary_f1,val_threshold_patch_sampled_area_relative_bias,val_threshold_patch_area_fraction_mae_pp,val_threshold_patch_area_fraction_median_ae_pp,val_threshold_patch_area_fraction_signed_error_pp
BiT,1337,0.54,0.9742837153819761,0.016467658108200636,0.008261797178099953,0.919834173913401,5.339779523216848e-06,0.5,573043,58668,41209,3980136,0.9071284178999575,0.932911899350755,0.9198395136929243,0.8515767104559234,0.9785351820395026,0.6192863553368613,0.5259266918265005,0.5688011064183169,0.028423187877288147,1.214535135618398,0.59967041015625,0.37521577217209506,0.54,570317,55441,43935,3983363,0.9114018518340956,0.9284739813626981,0.9198587108163483,0.8516096181384605,0.9786428532130281,0.6212735437195959,0.5231349842320219,0.5679963362021775,0.018731725741226727,1.197664502640845,0.63934326171875,0.2472783478213028
BiT,2025,0.47,0.8966315495956333,0.05036958481805665,0.04600906226328232,0.7853731864450593,-3.305426846356152e-05,0.5,564925,259499,49327,3779305,0.6852359950704977,0.9196958251662184,0.7853401321765957,0.6465514774804263,0.9336294254786531,0.4281991756289383,0.4748746316496924,0.4503306909371053,0.3421592440887453,5.393444652288732,1.32598876953125,4.516859457526408,0.47,567307,268348,46945,3770456,0.6788770485427599,0.9235737124177048,0.7825426044562113,0.6427679583050079,0.9322395861988336,0.4258532804021517,0.4751072739492323,0.4491339608088882,0.360443270839981,5.566986513809419,1.20697021484375,4.758227710992518
BiT,3407,0.49,0.9742414699564809,0.016538749918588624,0.00959215933838747,0.9203830296131988,-2.3540899002361115e-06,0.5,572428,57214,41824,3981590,0.9091324911616442,0.9319106816095023,0.9203806755232986,0.8525048178165388,0.9787154936454665,0.6249699157641396,0.5464767616191905,0.5830936094147913,0.025054863476227998,1.165986396897007,0.79193115234375,0.330750371368838,0.49,573047,58003,41205,3980801,0.9080849378020759,0.932918411336064,0.9203341839966348,0.8524250470431607,0.9786789585167254,0.6240052851265728,0.5468644987850902,0.5828937464761429,0.02734708230498232,1.171144297425176,0.82244873046875,0.36101005446742956
BiT,42,0.36,0.9667729495917422,0.019795407268052,0.01325513989942103,0.9061748497364213,-3.1434869194657544e-05,0.5,562035,64212,52217,3974592,0.8974653770796507,0.914990915780494,0.9061434148672266,0.8283932529950004,0.9749779499752421,0.5935479761791026,0.48671353978183324,0.5348479645866066,0.019527815945247228,1.494351239271567,0.57220458984375,0.2577875701474472,0.36,570050,76312,44202,3962492,0.8819361286709305,0.9280393063433249,0.9044005540152418,0.8254846762935804,0.9741000323228433,0.5768924302788845,0.4921160109600372,0.531142675006128,0.052274962067685574,1.5919430155149648,0.66986083984375,0.6900841081646126
BiT,9001,0.38,0.9715457220551955,0.021214791489012702,0.01767633230876716,0.9002396897773414,6.091335884128579e-05,0.5,582973,97838,31279,3940966,0.8562919811812676,0.9490779028802511,0.9003006031361827,0.8186788186886489,0.9722511398960167,0.522292813779472,0.4855761774285271,0.5032657026375091,0.10835780754478617,2.0019316337477995,1.22528076171875,1.4304362552266725,0.38,588316,118859,25936,3919945,0.8319242054654081,0.957776287256696,0.8904252750998296,0.8024923920115781,0.9688817413759904,0.48880032980623883,0.46489686191387064,0.47654903758189154,0.15127830271614906,2.404118927431778,1.35345458984375,1.9970316282460387
ChangeFormer,1337,0.64,0.9221685800587578,0.029663938144438733,0.01579615650445083,0.8553463872112312,4.3240030528357565e-06,0.5,522346,84763,91906,3954041,0.8603825672161012,0.8503773695486543,0.8553507112142841,0.7472600731028661,0.9620316196495379,0.5523778599260666,0.5805200847851936,0.5660994330066892,-0.011628777765477362,2.971745880556778,0.91705322265625,-0.15351201446963028,0.64,501659,71115,112593,3967689,0.8758410821720259,0.8166990095270346,0.8452367513427737,0.7319567472609565,0.9605188504071303,0.547412771560237,0.546761102207517,0.5470867428228802,-0.06752603166127258,3.282831756161972,1.16424560546875,-0.8914141587808099
ChangeFormer,2025,0.55,0.9193563307527345,0.0336394239212423,0.05699608574819305,0.8602932292835377,5.279606724251096e-06,0.5,539479,100436,74773,3938368,0.8430479047998563,0.8782698306232621,0.8602985088902619,0.7548454710307155,0.9623453919316681,0.597632359503373,0.6008633614227369,0.5992435052646089,0.041779269745967455,2.8656220771897005,1.007080078125,0.5515300052266725,0.55,531019,88392,83233,3950412,0.8572966899199401,0.8644969816948093,0.8608817805181667,0.755744018307991,0.9631156384105414,0.5878871412356089,0.5732823243550639,0.5804928854455589,0.008398833052232635,2.963192362180898,1.19781494140625,0.1108733701034331
ChangeFormer,3407,0.44,0.9144110069466117,0.031816470146110276,0.020370389844199154,0.8366230288776969,-1.69678389015937e-05,0.5,468143,36753,146109,4002051,0.9272067911015338,0.7621350846232491,0.8366060610387953,0.719108148170905,0.9607006664007482,0.550091356724784,0.46900687587240864,0.5063233757248229,-0.1780311663616887,3.6464637433978875,1.90277099609375,-2.3501973756602115,0.44,477089,42704,137163,3996100,0.9178442187563126,0.7766991397667407,0.8413934191319011,0.7262114966603547,0.9613443294041594,0.5702142024182164,0.4892209067879853,0.5266216056959699,-0.15377890507479014,3.543757049130722,1.72882080078125,-2.0300421916263205
ChangeFormer,42,0.73,0.9246883366388999,0.02864581322568696,0.015126351939236423,0.8561390462493615,5.893549045454805e-07,0.5,495576,47871,118676,3990933,0.9119122931951046,0.8067959078684318,0.8561396356042661,0.7484651643274739,0.9642069641972931,0.6150088001456576,0.5315618053042445,0.5702486816416248,-0.11527027995024844,3.017307335222271,0.970458984375,-1.5216881120708627,0.73,461838,15575,152414,4023229,0.9673762549406908,0.751870567779999,0.8461167116280751,0.7332775508195107,0.963897060340559,0.5647322880749464,0.4553585276327354,0.5041819007576755,-0.22277338942323346,3.3165085483604755,1.495361328125,-2.9408414598921655
ChangeFormer,9001,0.51,0.927033703941538,0.02957406751725878,0.02084856688414419,0.85047501276831,-1.071505382688187e-05,0.5,482155,37456,132097,4001348,0.9279153058730474,0.78494656916054,0.8504642977144831,0.7398328699356154,0.96356093715614,0.5692629840445925,0.5072894587189164,0.5364924170408192,-0.1540752004063479,3.244727766010123,1.3824462890625,-2.0339535995268485,0.51,481107,36401,133145,4002403,0.9296609907479692,0.7832404290095921,0.8501926203430393,0.7394217808878157,0.963562441543794,0.5651020167472579,0.5043168071136845,0.5329819120830037,-0.1574988766825342,3.253259793133803,1.41448974609375,-2.0791497029049295
COAST,1337,0.81,0.9690388541304011,0.02253471411681651,0.020514399040219164,0.9000166962280277,4.9841140437045794e-08,0.5,585820,101726,28432,3937078,0.8520448086382584,0.9537128084239042,0.9000167460691681,0.8182094980572029,0.9720274159606074,0.5024445386463191,0.4656723362456703,0.4833600740022498,0.1193223628087495,1.9288828675176057,0.9735107421875,1.5751798387984155,0.81,569509,66324,44743,3972480,0.8956895914493271,0.9271585603302879,0.911152441633469,0.836804412732744,0.9761303109182439,0.5758663015768105,0.48113012459287596,0.5242527194354207,0.035133788738172606,1.412813428422095,0.89263916015625,0.4638027137433979
COAST,2025,0.56,0.9665821297892511,0.022062489408606636,0.01722390111619646,0.8997060886948401,4.991604840576258e-08,0.5,576206,90418,38046,3948386,0.8643643193164362,0.938061251733816,0.8997061386108886,0.8176962266025232,0.9723914777728874,0.5419988070061277,0.5265470712919402,0.5341612190341422,0.08526142365022825,1.7107036751760563,1.141357421875,1.1255398602552817,0.56,573359,84489,40893,3954315,0.8715675961620314,0.933426346190163,0.9014369939465172,0.8205601217046087,0.973053838165713,0.5517611447440837,0.529106136586879,0.5401962158662169,0.0709741278823675,1.6140360227772887,1.1199951171875,0.9369326309419014
COAST,3407,0.53,0.9778143768053507,0.017009204591005984,0.010757527525892123,0.9193250433662773,4.9981997873871364e-08,0.5,575509,62264,38743,3976540,0.9023727878100829,0.9369265382937296,0.9193250933482752,0.8506953272354238,0.9782923308896346,0.610911836888805,0.5123300418756139,0.5572949030708172,0.03829210161301876,1.3481677418023768,0.98876953125,0.5054957430127641,0.53,573874,59918,40378,3978886,0.9054610976471776,0.9342647642986918,0.9196374486791942,0.8512304018274323,0.9784451336927817,0.6156813152070819,0.5140877836943597,0.5603166932156446,0.031811048234275184,1.3233883280149648,0.8056640625,0.41993906800176056
COAST,42,0.41,0.9790615896608996,0.016488930513759263,0.012392974432845871,0.9217005200725603,4.999959213325411e-08,0.5,565561,47399,48691,3991405,0.9226719524928217,0.9207312308303433,0.9217005700721524,0.854772380000937,0.9793490557603433,0.6189940543146393,0.5050664323010908,0.556256753708235,-0.002103371254794449,1.1555416483274648,0.57373046875,-0.02776669784330986,0.41,570242,52189,44010,3986615,0.9161529551066705,0.9283518816381551,0.9222120786000791,0.8556526384181046,0.9793256302954445,0.6164209456024403,0.5084268210722225,0.5572397458573211,0.013315381960498297,1.1428403182768485,0.62255859375,0.17577695174955985
COAST,9001,0.57,0.9780450213068437,0.015915472322373125,0.009383180144483722,0.9232901733913321,4.9991705552976384e-08,0.5,574371,55560,39881,3983244,0.9117998637946061,0.9350738784733301,0.9232902233830377,0.8575107642144363,0.9794885339871259,0.6197592621541348,0.5208344103810164,0.5660069096556815,0.02552535441480044,1.1469666386993838,0.54168701171875,0.33696134325484156,0.57,570110,50604,44142,3988200,0.9184745309433975,0.9281369861229594,0.9232804789762492,0.8574939535779176,0.9796378981899208,0.628900928302126,0.5199813886160368,0.5692781117524123,0.010520112266626726,1.1200810821963028,0.62408447265625,0.13887647172095072
EdgeRefNet,1337,0.06,0.970073360215535,0.02000292899221555,0.013803366662026782,0.9025462043650543,4.9962191717156657e-08,0.5,569990,78829,44262,3959975,0.878503866255458,0.9279416265636905,0.902546254327246,0.8224002677897677,0.9735462027536311,0.6917207577162539,0.693351600062038,0.6925352187780217,0.05627494904371496,1.705997090944102,0.48675537109375,0.742888114821743,0.06,594843,151942,19409,3886862,0.7965384950152989,0.9684022192845932,0.8741026144030808,0.7763608172342775,0.9631745244415713,0.6169973362726188,0.7018301194230471,0.6566853189623615,0.21576323723813678,3.1461688834176935,1.10321044921875,2.848300127915933
EdgeRefNet,2025,0.64,0.361912981890539,0.1549478374890431,0.2045360319486046,0.4435467904485815,3.561060529788662e-08,0.5,587749,1448222,26503,2590582,0.288682402647189,0.9568532133391507,0.44354682605918677,0.2849728045056568,0.6830631309831646,0.13176964319056808,0.41880783746058003,0.20046646020584566,2.3145533103677316,30.55452158753301,28.21502685546875,30.55452158753301,0.64,521309,587480,92943,3451324,0.47016068882357237,0.8486891373573061,0.6051034188967119,0.43379805147903194,0.8537685770384023,0.13139569369476245,0.29571421185958746,0.18194648963834933,0.8051044196844291,11.490706322898328,4.9041748046875,10.628219389579666
EdgeRefNet,3407,0.12,0.9133089371267717,0.04185781003096792,0.032988379684147306,0.8174328270000801,4.965855759930804e-08,0.5,547313,177537,66939,3861267,0.7550707042836449,0.8910235538508625,0.8174328766586377,0.6912359227016288,0.9474590462698064,0.51360862399216,0.6255234451739647,0.5640684599210989,0.1800531378001211,4.106505488006162,0.97503662109375,2.376889510893486,0.12,581954,239104,32298,3799700,0.7087854938384377,0.9474189746227932,0.8109105350058853,0.6819592292079741,0.9416723117022447,0.5392478227980682,0.7263092591635217,0.6189538066112991,0.33667940845125455,4.917112538512324,0.6500244140625,4.444519902618838
EdgeRefNet,42,0.13,0.9619203678691369,0.02526075056182525,0.02027438443852169,0.8893315103725229,4.987093515929075e-08,0.5,575470,104441,38782,3934363,0.8463901893041883,0.9368630464369673,0.889331560243458,0.8007174134157422,0.9692195838605854,0.6900659594211622,0.7370883523755364,0.7128025005506835,0.10689261085026992,2.2815758073833625,0.57220458984375,1.4110941282460387,0.13,591016,129380,23236,3909424,0.8204043331723108,0.9621718773402447,0.8856507483616181,0.7947694558598877,0.9672009105413732,0.6778825443928589,0.7440676213617329,0.7094347812131194,0.17280204215859288,2.760895205215669,1.04217529296875,2.2811674735915495
EdgeRefNet,9001,0.73,0.6793093774519966,0.16060580535895064,0.20040752169061637,0.46583792693905846,3.7448898093650484e-08,0.5,573447,1274303,40805,2764501,0.31034880259775405,0.9335696098669601,0.46583796438795655,0.30364326164713235,0.7173668230083626,0.20482862267901294,0.5866721811508039,0.3036440500066734,2.008130213658238,26.53133768430898,25.10986328125,26.50941660706426,0.73,518481,595924,95771,3442880,0.4652536555381571,0.8440851637438705,0.599865676070619,0.42843437648738697,0.8513460830903389,0.12237390245465615,0.2556221889055472,0.16551221309092368,0.8142472470582106,11.775422432053258,4.45404052734375,10.74891426193882
FCSiamDiff,1337,0.46,0.9627675419078765,0.04896141181668708,0.16240689447260853,0.8955738371244745,4.245192899199335e-05,0.5,559603,75794,54649,3963010,0.8807139473431571,0.9110316287126456,0.8956162890534665,0.8109647762612927,0.9719661658918354,0.6787223004520863,0.7244998190559893,0.7008643564415696,0.03442398233949584,2.01873779296875,0.54779052734375,0.45443252778389087,0.46,568173,86778,46079,3952026,0.8675045919465731,0.9249835572370949,0.895322497661419,0.8104831462276936,0.9714473670637104,0.6605561671373187,0.7207516931189578,0.6893423103754156,0.06625782252235239,2.093054543078785,0.80108642578125,0.8746724733164613
FCSiamDiff,2025,0.57,0.9747612265715893,0.06564622731041633,0.20418586155394947,0.9053716564207844,-3.709510919913672e-05,0.5,563755,67400,50497,3971404,0.8932116516545064,0.9177910694633473,0.9053345613115853,0.827042244429709,0.9746624583929357,0.5799495557726828,0.647882955074187,0.6120369491255936,0.02751802191934255,1.6671838894696303,1.0772705078125,0.3632666359485035,0.57,541977,46667,72275,3992137,0.9207211829221057,0.8823365654487083,0.9011202963509719,0.8200354355072256,0.9744378748074384,0.6167728792310907,0.6229902290234193,0.6198659642786046,-0.04168972994796924,1.7715669014084507,1.0833740234375,-0.5503479863556338
FCSiamDiff,3407,0.5,0.9782140712127411,0.060695167958808895,0.2093826061382961,0.9328020849468259,8.317237873756156e-06,0.5,564160,31180,50092,4007624,0.947626566331844,0.9184504079758796,0.9328104021846997,0.8740812355135785,0.9825336295114436,0.6946695211511883,0.6739905909114409,0.6841738382267291,-0.030788666540768284,1.0694476920114437,0.51422119140625,-0.4064425616197183,0.5,564160,31180,50092,4007624,0.947626566331844,0.9184504079758796,0.9328104021846997,0.8740812355135785,0.9825336295114436,0.6946695211511883,0.6739905909114409,0.6841738382267291,-0.030788666540768284,1.0694476920114437,0.51422119140625,-0.4064425616197183
FCSiamDiff,42,0.5,0.9565550559408906,0.115004472483132,0.2815842223964743,0.887131467937426,2.716038839245538e-05,0.5,545603,70146,68649,3968658,0.8860802047587573,0.8882396801312816,0.8871586283258185,0.7972013360646875,0.9701712165080326,0.5478342628800992,0.653285426252391,0.5959308521530905,0.0024371105018787076,1.7685366348481515,1.13067626953125,0.032172404544454226,0.5,545603,70146,68649,3968658,0.8860802047587573,0.8882396801312816,0.8871586283258185,0.7972013360646875,0.9701712165080326,0.5478342628800992,0.653285426252391,0.5959308521530905,0.0024371105018787076,1.7685366348481515,1.13067626953125,0.032172404544454226
FCSiamDiff,9001,0.59,0.9789372917810889,0.04117207816669202,0.15749639289074652,0.9344937243581694,-7.196117139951497e-07,0.5,567355,32645,46897,4006159,0.9455916666666667,0.9236518562414123,0.9344930047464554,0.8770407035432225,0.9829054281745159,0.7330510850670106,0.6942304709714109,0.7131128373082896,-0.023202203655828552,1.0593468034771127,0.55999755859375,-0.3062933263644366,0.59,554104,26254,60148,4012550,0.954762405273986,0.9020792769091512,0.9276734666538896,0.8651035275235517,0.9814311282735475,0.7074816202969584,0.6532337279636043,0.6792763187144065,-0.055179307515482244,1.2436127998459507,0.59814453125,-0.728424502090669
SiameseNestedUNet_local,1337,0.55,0.9742918518309949,0.08022646618806749,0.23821591999304503,0.9034438210111075,-3.2260450050225487e-06,0.5,603927,118770,10325,3920034,0.8356572671534543,0.983190937921244,0.9034405949661025,0.8238865954909949,0.9722558679715009,0.5989395735922504,0.6869927105412811,0.6399514596366606,0.17654806170757278,2.3820689026738555,0.62255859375,2.3306188449053695,0.55,596875,95629,17377,3943175,0.8619083788685697,0.9717103078215455,0.9135217286160147,0.8408099385671683,0.9757135955380721,0.6537311272972842,0.7084475003877372,0.6799903825337507,0.12739396859920685,1.9453021841989437,0.49591064453125,1.681733467209507
SiameseNestedUNet_local,2025,0.76,0.9834060562324165,0.050201575116622876,0.18702404827206617,0.9435265631591869,-5.698798641873282e-06,0.5,600894,58581,13358,3980223,0.9111702490617537,0.9782532250607243,0.943520864360545,0.8930804523559338,0.9845394080793354,0.776075162101363,0.7646693894432094,0.7703300586345396,0.07362287790678744,1.2307825222821303,0.7415771484375,0.9718988982724471,0.76,586387,36353,27865,4002451,0.9416241127918553,0.9546358823414495,0.9480853554423807,0.90129494854789,0.9861987476617518,0.8340957522375337,0.7824536007858139,0.8074497985697865,0.013818432825615545,1.017180966659331,0.56304931640625,0.18241774867957747
SiameseNestedUNet_local,3407,0.46,0.9755074620175841,0.08006492650990826,0.24221765702507883,0.9300693184482097,1.4050645911756199e-05,0.5,573262,45197,40990,3993607,0.9269199736765089,0.9332684305464207,0.9300833690941215,0.8693045254447274,0.981477334465779,0.669095835377105,0.7526495373003154,0.708417527616468,0.006848980548699882,0.9357076295664613,0.38909912109375,0.09041369800836267,0.46,586953,60855,27299,3977949,0.9060601289270895,0.9555573282626675,0.9301507059881221,0.8694221804839826,0.9810546015349912,0.6626735760594028,0.7630150442020369,0.7093132409737068,0.05462904475687503,1.1353828537632042,0.4180908203125,0.721160458846831
SiameseNestedUNet_local,42,0.56,0.9741288887696875,0.045016058568174054,0.15675267153049607,0.909002286544991,6.786412448112067e-06,0.5,563462,62014,50790,3976790,0.9008531102712174,0.9173140665394659,0.9090090729574392,0.8331958134816774,0.9757570078675176,0.6090529931305201,0.6550690172155301,0.6312234774441896,0.018272630776944968,1.4967797507702465,0.54168701171875,0.24121781470070422,0.56,550176,51616,64076,3987188,0.9142295012230139,0.8956845073357514,0.9048619951246764,0.8262538521148336,0.9751363405039613,0.5984607620489528,0.6265832600940909,0.6121992165914855,-0.02028483423741396,1.6243948063380282,0.6866455078125,-0.2677810024207746
SiameseNestedUNet_local,9001,0.47,0.9829016063849114,0.0345836726943801,0.13876345918682978,0.9269000206516107,2.5412157991788753e-05,0.5,550831,23429,63421,4015375,0.9592014070281754,0.8967508449300938,0.9269254328096025,0.8638033750417529,0.9813348474636884,0.6904240608435124,0.637956883627152,0.6631543219139535,-0.06510682911899351,1.3583760865977113,0.83465576171875,-0.8594781580105634,0.47,554506,24635,59746,4014169,0.9574628631024223,0.9027337314327019,0.9292932001439624,0.8679250008217415,0.9818654664805238,0.7052685891188443,0.6586103499974151,0.6811413813937494,-0.05716057904573367,1.2841667927486795,0.70953369140625,-0.754579356018926
STeInFormer,1337,0.62,0.9612488761492585,0.02455315379047374,0.020070701999832734,0.8811854655809677,4.9813815405919115e-08,0.5,576409,117597,37843,3921207,0.8305533381555779,0.9383917349882459,0.8811855153947831,0.7876064598025002,0.9665939975792254,0.6811785078412722,0.7468593289562115,0.7125084646309316,0.12983921908272175,2.791541730853873,0.55389404296875,1.7140133280149648,0.62,569429,103288,44823,3935516,0.8464614392084636,0.9270283206241087,0.8849148658587408,0.7935850266187251,0.968169091453015,0.6704582223660304,0.7198211239207982,0.6942633398883696,0.0951808052721033,2.645422707141285,0.74462890625,1.2564860599141725
STeInFormer,2025,0.68,0.9725759312487685,0.02831411103640521,0.039756768164815444,0.869337568125165,4.941054687623847e-08,0.5,599011,164823,15241,3873981,0.7842162040443342,0.9751877079765308,0.8693376175357119,0.7688746269614607,0.961301991637324,0.5817607823589451,0.6477278602078271,0.6129746199582744,0.24351894662125642,3.3979389029489435,1.08642578125,3.2147044866857395,0.68,592415,124213,21837,3914591,0.8266701831354621,0.9644494442020539,0.8902605794657208,0.802224885404183,0.9686120261608715,0.6386347988590538,0.6862430853538748,0.6615835617842547,0.1666677519975515,2.509791414502641,0.62255859375,2.200188435299296
STeInFormer,3407,0.63,0.978547016974153,0.02208754490478444,0.019949418170684394,0.8963387774739675,4.976702661085852e-08,0.5,590880,113298,23372,3925506,0.8391060214888849,0.9619504698397401,0.8963388272409941,0.812150367672325,0.9706279056172975,0.7301325319012661,0.7974461045339399,0.7623062138613036,0.14639919772340992,2.440030809859155,0.384521484375,1.9326223454005282,0.63,584990,97389,29262,3941415,0.8572801917995718,0.9523615714722947,0.9023230201956867,0.8220296469708743,0.9727811141752861,0.7392207003063523,0.7865119164555653,0.7621333951888629,0.11091050578589895,2.228148554412412,0.5767822265625,1.4641345386773768
STeInFormer,42,0.39,0.9845772533088517,0.010886490618981327,0.006330250135220272,0.9489912890697468,4.999818081774521e-08,0.5,586098,34852,28154,4003952,0.9438730976729205,0.954165391402877,0.9489913390679277,0.9029338904089329,0.9864592216384243,0.830903211165324,0.7837719071498733,0.8066496932850772,0.010904319399855434,0.8004201969630281,0.2777099609375,0.1439484072403169,0.39,589826,39329,24426,3999475,0.9374891719846461,0.9602345617108288,0.9487255580830559,0.9024527946803839,0.986298252159441,0.8247416891284816,0.7840820968825932,0.8038981007381751,0.024262029264861977,0.8549435037962148,0.48828125,0.32028413154709506
STeInFormer,9001,0.25,0.9889783342935207,0.010036238680116676,0.00642228390118158,0.9526305602936274,4.999964298146864e-08,0.5,584899,28815,29353,4009989,0.9530481624991446,0.9522134238065159,0.9526306102932703,0.9095459726591475,0.9874989684198944,0.8457359829273025,0.8157214496200176,0.8304576072485335,-0.0008758620240552738,0.6908148107394366,0.34942626953125,-0.011562293683978873,0.25,593770,39204,20482,3999600,0.9380638067282384,0.9666553792254645,0.9521450001839094,0.9086610269092333,0.9871727312114876,0.8279206074330625,0.8292922504265109,0.8286058612886136,0.03047934723859263,0.7416201309419014,0.26702880859375,0.4023592237015845
