target,comparator,metric,n,higher_is_better,target_mean,comparator_mean,raw_target_minus_comparator,oriented_advantage_positive_is_target_better,paired_t_p,wilcoxon_p
COAST,FCSiamDiff,pr_auc,5,True,0.9741083943385493,0.9702470374828372,0.0038613568557119616,0.0038613568557119616,0.4983765019279354,1.0
COAST,FCSiamDiff,brier_score,5,False,0.018802162190512305,0.06629587154714726,-0.04749370935663497,0.04749370935663497,0.023709956253161614,0.0625
COAST,FCSiamDiff,ece_10bin,5,False,0.014054396451927468,0.20301119549041496,-0.1889567990384875,0.1889567990384875,0.0011617945381109732,0.0625
COAST,FCSiamDiff,fixed_0p5_f1,5,True,0.9128077542967045,0.911082577124405,0.0017251771722993415,0.0017251771722993415,0.8535676219529958,0.8125
COAST,FCSiamDiff,fixed_0p5_boundary_f1,5,True,0.539415971894225,0.6612237666510544,-0.12180779475682935,-0.12180779475682935,0.016062244410643037,0.0625
COAST,FCSiamDiff,fixed_0p5_patch_area_fraction_mae_pp,5,False,1.4580525143045775,1.5166505625550177,-0.058598048250440196,0.058598048250440196,0.7171227638556386,1.0
COAST,FCSiamDiff,val_threshold_f1,5,True,0.9155438883671018,0.9088170582353596,0.006726830131742001,0.006726830131742001,0.473141986942271,0.625
COAST,SiameseNestedUNet_local,pr_auc,5,True,0.9741083943385493,0.978047173047119,-0.003938778708569646,-0.003938778708569646,0.3566487460696236,0.4375
COAST,SiameseNestedUNet_local,brier_score,5,False,0.018802162190512305,0.05801853981543056,-0.03921637762491825,0.03921637762491825,0.011441125187523419,0.0625
COAST,SiameseNestedUNet_local,ece_10bin,5,False,0.014054396451927468,0.19259475120150318,-0.1785403547495757,0.1785403547495757,0.0008697081586385587,0.0625
COAST,SiameseNestedUNet_local,fixed_0p5_f1,5,True,0.9128077542967045,0.922595866837562,-0.00978811254085774,-0.00978811254085774,0.35351530102345907,0.4375
COAST,SiameseNestedUNet_local,fixed_0p5_boundary_f1,5,True,0.539415971894225,0.6826153690491623,-0.14319939715493715,-0.14319939715493715,0.006899469308379041,0.0625
COAST,SiameseNestedUNet_local,fixed_0p5_patch_area_fraction_mae_pp,5,False,1.4580525143045775,1.4807429783780808,-0.022690464073503502,0.022690464073503502,0.9131946754406409,1.0
COAST,SiameseNestedUNet_local,val_threshold_f1,5,True,0.9155438883671018,0.9251825970630312,-0.00963870869592951,-0.00963870869592951,0.40665315528151125,0.4375
COAST,BiT,pr_auc,5,True,0.9741083943385493,0.9566950813162055,0.017413313022343634,0.017413313022343634,0.2646898534882589,0.1875
COAST,BiT,brier_score,5,False,0.018802162190512305,0.024877238320382127,-0.00607507612986982,0.00607507612986982,0.36030088009288297,0.625
COAST,BiT,ece_10bin,5,False,0.014054396451927468,0.01895889819759159,-0.004904501745664119,0.004904501745664119,0.5116311663769936,0.8125
COAST,BiT,fixed_0p5_f1,5,True,0.9128077542967045,0.8864008678792455,0.02640688641745883,0.02640688641745883,0.31843000406487987,0.4375
COAST,BiT,fixed_0p5_boundary_f1,5,True,0.539415971894225,0.528067814798866,0.011348157095359279,0.011348157095359279,0.7296668002302111,1.0
COAST,BiT,fixed_0p5_patch_area_fraction_mae_pp,5,False,1.4580525143045775,2.254049811564701,-0.7959972972601234,0.7959972972601234,0.3583025351201284,0.4375
COAST,BiT,val_threshold_f1,5,True,0.9155438883671018,0.8835122656768531,0.0320316226902486,0.0320316226902486,0.2342691408577349,0.3125
COAST,ChangeFormer,pr_auc,5,True,0.9741083943385493,0.9215315916677083,0.05257680267084086,0.05257680267084086,6.507234848819679e-05,0.0625
COAST,ChangeFormer,brier_score,5,False,0.018802162190512305,0.030667942590947413,-0.011865780400435108,0.011865780400435108,0.0008301272857418159,0.0625
COAST,ChangeFormer,ece_10bin,5,False,0.014054396451927468,0.025827510184044732,-0.011773113732117263,0.011773113732117263,0.19428860628632938,0.1875
COAST,ChangeFormer,fixed_0p5_f1,5,True,0.9128077542967045,0.851771842892418,0.061035911404286304,0.061035911404286304,0.0017905485010317752,0.0625
COAST,ChangeFormer,fixed_0p5_boundary_f1,5,True,0.539415971894225,0.5556814825357129,-0.016265510641487867,-0.016265510641487867,0.5641716200707259,0.625
COAST,ChangeFormer,fixed_0p5_patch_area_fraction_mae_pp,5,False,1.4580525143045775,3.149173360475352,-1.6911208461707745,1.6911208461707745,0.0025696082759631314,0.0625
COAST,ChangeFormer,val_threshold_f1,5,True,0.9155438883671018,0.8487642565927912,0.06677963177431057,0.06677963177431057,0.000630402062971282,0.0625
COAST,STeInFormer,pr_auc,5,True,0.9741083943385493,0.9771854823949105,-0.0030770880563612433,-0.0030770880563612433,0.3853693912386678,0.4375
COAST,STeInFormer,brier_score,5,False,0.018802162190512305,0.019175507806152278,-0.0003733456156399754,0.0003733456156399754,0.8923697897792747,1.0
COAST,STeInFormer,ece_10bin,5,False,0.014054396451927468,0.018505884474346885,-0.004451488022419417,0.004451488022419417,0.43946237204360306,0.8125
COAST,STeInFormer,fixed_0p5_f1,5,True,0.9128077542967045,0.9096967819065374,0.0031109723901669773,0.0031109723901669773,0.8221799083867476,1.0
COAST,STeInFormer,fixed_0p5_boundary_f1,5,True,0.539415971894225,0.7449793197968241,-0.20556334790259895,-0.20556334790259895,0.003474701968546998,0.0625
COAST,STeInFormer,fixed_0p5_patch_area_fraction_mae_pp,5,False,1.4580525143045775,2.024149290272887,-0.5660967759683098,0.5660967759683098,0.2482494386765918,0.3125
COAST,STeInFormer,val_threshold_f1,5,True,0.9155438883671018,0.9156738047574228,-0.00012991639032096104,-0.00012991639032096104,0.9915340603197751,0.8125
COAST,EdgeRefNet,pr_auc,5,True,0.9741083943385493,0.7773050049107958,0.19680338942775338,0.19680338942775338,0.16290276242459908,0.125
COAST,EdgeRefNet,brier_score,5,False,0.018802162190512305,0.08053502648660049,-0.06173286429608819,0.06173286429608819,0.12429714003576409,0.125
COAST,EdgeRefNet,ece_10bin,5,False,0.014054396451927468,0.09440193688478335,-0.08034754043285589,0.08034754043285589,0.1464254726701122,0.125
COAST,EdgeRefNet,fixed_0p5_f1,5,True,0.9128077542967045,0.7037390963352971,0.2090686579614074,0.2090686579614074,0.11104742746164342,0.125
COAST,EdgeRefNet,fixed_0p5_boundary_f1,5,True,0.539415971894225,0.4947033378924647,0.04471263400176049,0.04471263400176049,0.703184571955312,0.8125
COAST,EdgeRefNet,fixed_0p5_patch_area_fraction_mae_pp,5,False,1.4580525143045775,13.035987531635124,-11.577935017330546,11.577935017330546,0.1439284478631291,0.125
COAST,EdgeRefNet,val_threshold_f1,5,True,0.9155438883671018,0.755126598547583,0.16041728981951872,0.16041728981951872,0.0623571343076799,0.0625
