model,group_type,group_name,n_seeds,n_patches,f1_mean,f1_sd,iou_mean,iou_sd,patch_sampled_area_relative_bias_mean,patch_sampled_area_relative_bias_sd,patch_area_fraction_mae_pp_mean,patch_area_fraction_mae_pp_sd
BiT,region,EstuariesA,5,71,0.8864008678792455,0.05715989298434245,0.7995410154873076,0.08677180384227538,0.10470458378645897,0.13767359299292656,2.254049811564701,1.7861255707634802
BiT,spatial_block,block_0_1,5,16,0.6837061076076563,0.21707349659239605,0.5478657030449233,0.21646383109118414,0.754755731441048,1.5182450930224793,5.091056823730469,8.162527813175126
BiT,spatial_block,block_4_4,5,1,0.0,0.0,0.0,0.0,0.0,0.0,0.0,0.0
BiT,spatial_block,block_6_9,5,29,0.9415252328119307,0.004376620999033883,0.8895370574317409,0.007796278455837497,0.037445318887980375,0.028467447156992804,1.503832586880388,0.3704295355283884
BiT,spatial_block,block_7_10,5,20,0.9086481462300879,0.009579990319772221,0.8327036027320638,0.016241639095436612,-0.016487690846665203,0.03134333559360115,1.128814697265625,0.2998590076501406
BiT,spatial_block,block_9_13,5,4,0.0,0.0,0.0,0.0,0.0,0.0,0.0,0.0
BiT,spatial_block,block_9_16,5,1,0.0,0.0,0.0,0.0,8122.0,572.772642503114,12.3931884765625,0.8739816932725738
COAST,region,EstuariesA,5,71,0.9128077542967045,0.011902754554417602,0.8397768392221046,0.020070347393353404,0.0532595742464005,0.048597012045921435,1.4580525143045775,0.34852393743455556
COAST,spatial_block,block_0_1,5,16,0.799016677558188,0.06635815756067398,0.6692501273720378,0.08935774735424083,0.1152667849344978,0.2547117416795793,1.4798164367675781,1.080669754068364
COAST,spatial_block,block_4_4,5,1,0.0,0.0,0.0,0.0,204.4,414.82622867894935,0.3118896484375,0.6329745921004477
COAST,spatial_block,block_6_9,5,29,0.9399967484712957,0.006917261198061067,0.8868507502902803,0.012275712455997899,0.04199918233851185,0.02689611603121096,1.5220484240301724,0.3992439867017107
COAST,spatial_block,block_7_10,5,20,0.9151352790314992,0.005949774411753646,0.8435921416566238,0.010100071881007033,0.00579418998222417,0.04882345064897671,1.1315155029296875,0.19065950812467
COAST,spatial_block,block_9_13,5,4,0.0,0.0,0.0,0.0,0.0,0.0,0.0,0.0
COAST,spatial_block,block_9_16,5,1,0.0,0.0,0.0,0.0,8364.4,905.6858174886036,12.7630615234375,1.3819668845956474
ChangeFormer,region,EstuariesA,5,71,0.851771842892418,0.009169249673524681,0.7419023453135153,0.01381266172323358,-0.08344523094755898,0.09458687016380245,3.149173360475352,0.31052329174459176
ChangeFormer,spatial_block,block_0_1,5,16,0.1341705020416329,0.18802612661261248,0.08115941551241687,0.11483119557278389,-0.08818913755458516,0.7169071478687212,7.4452972412109375,0.2336691692988174
ChangeFormer,spatial_block,block_4_4,5,1,0.0,0.0,0.0,0.0,544.6,240.68506393210194,0.83099365234375,0.36725626210342704
ChangeFormer,spatial_block,block_6_9,5,29,0.9538863033868086,0.006033398344194878,0.9118888570981705,0.011005435943867414,-0.05604609566639411,0.022749959371804705,1.2890730233028018,0.3590956246098278
ChangeFormer,spatial_block,block_7_10,5,20,0.8679755077585682,0.033801185825443364,0.76799200580342,0.05216589785370876,-0.2065259210558356,0.06085182837347497,2.6085205078125,0.7527188939587119
ChangeFormer,spatial_block,block_9_13,5,4,0.0,0.0,0.0,0.0,0.0,0.0,0.0,0.0
ChangeFormer,spatial_block,block_9_16,5,1,0.0,0.0,0.0,0.0,9228.8,707.0697985347698,14.08203125,1.0789028908306424
EdgeRefNet,region,EstuariesA,5,71,0.7037390963352971,0.22977820311433597,0.5805939340119857,0.2661107974298531,0.9331808443440153,1.127233734952981,13.035987531635124,14.25469410141177
EdgeRefNet,spatial_block,block_0_1,5,16,0.3534605186063545,0.17737314551456537,0.22617613120295021,0.1337209121026829,4.0947222980349345,3.923367334395749,23.411731719970703,21.416934957281107
EdgeRefNet,spatial_block,block_4_4,5,1,0.0,0.0,0.0,0.0,16598.6,22554.050407853574,25.32745361328125,34.41474976784298
EdgeRefNet,spatial_block,block_6_9,5,29,0.8333219695089646,0.17764459683583012,0.7448804101947287,0.2513623279163004,0.38241772281275555,0.5451390510915021,8.323374781115302,10.836683504834909
EdgeRefNet,spatial_block,block_7_10,5,20,0.7323064218867921,0.26514228597943995,0.6305065650459152,0.31596409440414736,0.8706236150680595,1.3318711493508726,12.39105224609375,15.359006155628533
EdgeRefNet,spatial_block,block_9_13,5,4,0.0,0.0,0.0,0.0,15291.8,22250.867201077803,5.8333587646484375,8.48803222697365
EdgeRefNet,spatial_block,block_9_16,5,1,0.0,0.0,0.0,0.0,8590.2,4902.903496908745,13.10760498046875,7.481237025312416
FCSiamDiff,region,EstuariesA,5,71,0.911082577124405,0.021591361593778065,0.8372660591624982,0.03653370174311015,0.0020776489128240504,0.02920998423006284,1.5166505625550177,0.43223708724523247
FCSiamDiff,spatial_block,block_0_1,5,16,0.6255687401025257,0.22612314183139487,0.4884182634937707,0.2533116995366999,-0.03794009279475982,0.1477354744902784,2.707653045654297,1.8260592244742395
FCSiamDiff,spatial_block,block_4_4,5,1,0.0,0.0,0.0,0.0,71.0,107.62666955731744,0.10833740234375,0.1642252648274497
FCSiamDiff,spatial_block,block_6_9,5,29,0.9537772517202987,0.008779970370938578,0.9117470792152617,0.016128267140339665,0.0137091169255928,0.03487934158559929,1.1603414601293103,0.3800113126363443
FCSiamDiff,spatial_block,block_7_10,5,20,0.9278092684813105,0.0067867480743255505,0.8653999172496404,0.011880237467784169,-0.05050527187279323,0.037244867515646485,1.0447998046875,0.20109762400153774
FCSiamDiff,spatial_block,block_9_13,5,4,0.0,0.0,0.0,0.0,0.6,1.3416407864998738,0.0002288818359375,0.0005117953439712043
FCSiamDiff,spatial_block,block_9_16,5,1,0.0,0.0,0.0,0.0,6360.0,1514.3576195866021,9.70458984375,2.310726348246158
STeInFormer,region,EstuariesA,5,71,0.9096967819065374,0.0387542425487633,0.8362222635008733,0.06577511720801298,0.10595716416063763,0.10195279961903092,2.024149290272887,1.2170086507721054
STeInFormer,spatial_block,block_0_1,5,16,0.6722222384257385,0.20338202433284527,0.5367356287600465,0.2486694609589701,1.007652156113537,0.9130143457322165,5.862636566162109,4.851714664734783
STeInFormer,spatial_block,block_4_4,5,1,0.0,0.0,0.0,0.0,0.0,0.0,0.0,0.0
STeInFormer,spatial_block,block_6_9,5,29,0.9661884336631872,0.00446831471479361,0.9346173938890715,0.00834720533463109,0.008559893704006541,0.023634377458159186,0.7033775592672413,0.23445732960473178
STeInFormer,spatial_block,block_7_10,5,20,0.9459412246810421,0.00899089881758395,0.8975379708407992,0.01620395038046984,-0.03355370492122629,0.04740017422312534,0.8521270751953125,0.2745765034704455
STeInFormer,spatial_block,block_9_13,5,4,0.0,0.0,0.0,0.0,0.0,0.0,0.0,0.0
STeInFormer,spatial_block,block_9_16,5,1,0.0,0.0,0.0,0.0,8173.6,815.9628055248597,12.471923828125,1.2450604332349544
SiameseNestedUNet_local,region,EstuariesA,5,71,0.922595866837562,0.016310953078342415,0.8566541523630173,0.02811594343794798,0.042037144364202306,0.0899633751596887,1.4807429783780808,0.5447850532885146
SiameseNestedUNet_local,spatial_block,block_0_1,5,16,0.7453897911559518,0.09703738466653362,0.6018622740965127,0.1253074961524217,0.1906318231441048,0.4786169192250279,2.4764251708984375,1.922229178295922
SiameseNestedUNet_local,spatial_block,block_4_4,5,1,0.0,0.0,0.0,0.0,230.6,201.714649938967,0.35186767578125,0.3077921294234726
SiameseNestedUNet_local,spatial_block,block_6_9,5,29,0.9560247448229697,0.006286656715183288,0.9158097231180445,0.01152136603994681,0.03031275551921504,0.04954574288454395,1.1995933795797415,0.5571825240404424
SiameseNestedUNet_local,spatial_block,block_7_10,5,20,0.9343424194437612,0.012971046253244375,0.8769975168300655,0.022804965902515885,-0.02628874765626902,0.07730380154912685,0.99432373046875,0.3995760745600253
SiameseNestedUNet_local,spatial_block,block_9_13,5,4,0.0,0.0,0.0,0.0,0.2,0.447213595499958,7.62939453125e-05,0.00017059844799040144
SiameseNestedUNet_local,spatial_block,block_9_16,5,1,0.0,0.0,0.0,0.0,6870.2,1212.508020592029,10.48309326171875,1.8501404122803176
