model,seed,group_type,group_name,n_patches,tp,fp,fn,tn,precision,recall,f1,iou,oa,patch_sampled_area_relative_bias,patch_area_fraction_mae_pp,patch_area_fraction_median_ae_pp,patch_area_fraction_signed_error_pp
FCSiamDiff,42,region,EstuariesA,71,545603,70146,68649,3968658,0.8860802047587573,0.8882396801312816,0.8871586283258185,0.7972013360646875,0.9701712165080326,0.0024371105018787076,1.7685366348481515,1.13067626953125,0.032172404544454226
FCSiamDiff,42,spatial_block,block_0_1,16,21918,30338,36706,959614,0.41943508879363134,0.37387418122270744,0.395346320345822,0.2463748566803804,0.9360618591308594,-0.10862445414847162,3.7416458129882812,2.774810791015625,-0.6072998046875
FCSiamDiff,42,spatial_block,block_4_4,1,0,251,0,65285,0.0,0.0,0.0,0.0,0.9961700439453125,251.0,0.38299560546875,0.38299560546875,0.38299560546875
FCSiamDiff,42,spatial_block,block_6_9,29,373332,21449,18028,1487735,0.9456686112046933,0.9539349959116925,0.949783817406301,0.9043698175185134,0.9792285787648168,0.00874131234668847,1.2760030812230603,1.21307373046875,0.18000109442349138
FCSiamDiff,42,spatial_block,block_7_10,20,150353,11800,13915,1134652,0.9272292217843642,0.915290866145567,0.9212213674973018,0.8539484744530522,0.9803810119628906,-0.012875301336839798,0.9343719482421875,0.728607177734375,-0.1613616943359375
FCSiamDiff,42,spatial_block,block_9_13,4,0,0,0,262144,0.0,0.0,0.0,0.0,1.0,0.0,0.0,0.0,0.0
FCSiamDiff,42,spatial_block,block_9_16,1,0,6308,0,59228,0.0,0.0,0.0,0.0,0.90374755859375,6308.0,9.625244140625,9.625244140625,9.625244140625
FCSiamDiff,1337,region,EstuariesA,71,559603,75794,54649,3963010,0.8807139473431571,0.9110316287126456,0.8956162890534665,0.8109647762612927,0.9719661658918354,0.03442398233949584,2.01873779296875,0.54779052734375,0.45443252778389087
FCSiamDiff,1337,spatial_block,block_0_1,16,28354,43050,30270,946902,0.3970925998543499,0.48365856986899564,0.4361214507639556,0.27887168794382045,0.9300765991210938,0.2179994541484716,5.167579650878906,3.32183837890625,1.2187957763671875
FCSiamDiff,1337,spatial_block,block_4_4,1,0,3,0,65533,0.0,0.0,0.0,0.0,0.9999542236328125,3.0,0.00457763671875,0.00457763671875,0.00457763671875
FCSiamDiff,1337,spatial_block,block_6_9,29,386022,20995,5338,1488189,0.9484173879715098,0.9863603843008995,0.9670168354043278,0.9361399764765796,0.9861444933661099,0.04000664349959117,0.8695931270204741,0.341796875,0.8238167598329741
FCSiamDiff,1337,spatial_block,block_7_10,20,145227,4339,19041,1142113,0.9709893959857187,0.8840857622908905,0.9255020169893747,0.8613343455491171,0.9821624755859375,-0.08950008522658096,1.206207275390625,0.524139404296875,-1.121673583984375
FCSiamDiff,1337,spatial_block,block_9_13,4,0,0,0,262144,0.0,0.0,0.0,0.0,1.0,0.0,0.0,0.0,0.0
FCSiamDiff,1337,spatial_block,block_9_16,1,0,7407,0,58129,0.0,0.0,0.0,0.0,0.8869781494140625,7407.0,11.30218505859375,11.30218505859375,11.30218505859375
FCSiamDiff,2025,region,EstuariesA,71,563755,67400,50497,3971404,0.8932116516545064,0.9177910694633473,0.9053345613115853,0.827042244429709,0.9746624583929357,0.02751802191934255,1.6671838894696303,1.0772705078125,0.3632666359485035
FCSiamDiff,2025,spatial_block,block_0_1,16,31131,19352,27493,970600,0.6166630350811164,0.5310282478165939,0.5706508290022249,0.3992382271468144,0.9553251266479492,-0.1388680403930131,2.736949920654297,2.1942138671875,-0.7763862609863281
FCSiamDiff,2025,spatial_block,block_4_4,1,0,8,0,65528,0.0,0.0,0.0,0.0,0.9998779296875,8.0,0.01220703125,0.01220703125,0.01220703125
FCSiamDiff,2025,spatial_block,block_6_9,29,381159,32947,10201,1476237,0.9204382452801939,0.9739344848732625,0.9464310101228327,0.898309478750056,0.9772970265355604,0.05812040065412919,1.6818342537715518,0.87738037109375,1.1968152276400863
FCSiamDiff,2025,spatial_block,block_7_10,20,151465,11000,12803,1135452,0.9322931092850768,0.9220602917184114,0.9271484667904272,0.8641908391720109,0.9818397521972656,-0.010975966104171233,0.9774017333984375,1.165771484375,-0.1375579833984375
FCSiamDiff,2025,spatial_block,block_9_13,4,0,0,0,262144,0.0,0.0,0.0,0.0,1.0,0.0,0.0,0.0,0.0
FCSiamDiff,2025,spatial_block,block_9_16,1,0,4093,0,61443,0.0,0.0,0.0,0.0,0.9375457763671875,4093.0,6.24542236328125,6.24542236328125,6.24542236328125
FCSiamDiff,3407,region,EstuariesA,71,564160,31180,50092,4007624,0.947626566331844,0.9184504079758796,0.9328104021846997,0.8740812355135785,0.9825336295114436,-0.030788666540768284,1.0694476920114437,0.51422119140625,-0.4064425616197183
FCSiamDiff,3407,spatial_block,block_0_1,16,47615,4020,11009,985932,0.9221458313159678,0.8122100163755459,0.8636936667296555,0.7600887555073111,0.9856672286987305,-0.11921738537117904,0.8746147155761719,0.305938720703125,-0.6665229797363281
FCSiamDiff,3407,spatial_block,block_4_4,1,0,92,0,65444,0.0,0.0,0.0,0.0,0.99859619140625,92.0,0.140380859375,0.140380859375,0.140380859375
FCSiamDiff,3407,spatial_block,block_6_9,29,366643,16086,24717,1493098,0.9579702609418153,0.9368433156173345,0.9472890068191292,0.8998566681228923,0.9785308837890625,-0.02205386345053148,1.2589553306842673,1.06964111328125,-0.4541331324084052
FCSiamDiff,3407,spatial_block,block_7_10,20,149902,5017,14366,1141435,0.9676153344651076,0.9125453527162929,0.9392738426058722,0.8855007827037245,0.9852119445800781,-0.05691309323787956,0.8092498779296875,0.41351318359375,-0.7132720947265625
FCSiamDiff,3407,spatial_block,block_9_13,4,0,0,0,262144,0.0,0.0,0.0,0.0,1.0,0.0,0.0,0.0,0.0
FCSiamDiff,3407,spatial_block,block_9_16,1,0,5965,0,59571,0.0,0.0,0.0,0.0,0.9089813232421875,5965.0,9.10186767578125,9.10186767578125,9.10186767578125
FCSiamDiff,9001,region,EstuariesA,71,567355,32645,46897,4006159,0.9455916666666667,0.9236518562414123,0.9344930047464554,0.8770407035432225,0.9829054281745159,-0.023202203655828552,1.0593468034771127,0.55999755859375,-0.3062933263644366
FCSiamDiff,9001,spatial_block,block_0_1,16,49500,6721,9124,983231,0.8804539229113676,0.8443640829694323,0.8620314336709705,0.7575177901905272,0.984889030456543,-0.040990038209606984,1.0174751281738281,0.572967529296875,-0.22916793823242188
FCSiamDiff,9001,spatial_block,block_4_4,1,0,1,0,65535,0.0,0.0,0.0,0.0,0.9999847412109375,1.0,0.00152587890625,0.00152587890625,0.00152587890625
FCSiamDiff,9001,spatial_block,block_6_9,29,372015,12978,19345,1496206,0.9662902961872034,0.9505698078495503,0.9583655888489022,0.9200594552082664,0.9829927641769935,-0.01626890842191333,0.7153215079471983,0.6011962890625,-0.33500934469288796
FCSiamDiff,9001,spatial_block,block_7_10,20,145840,4915,18428,1141537,0.9673974329209645,0.8878174690140502,0.9259006485235769,0.8620251443702972,0.9821907043457031,-0.08226191345849465,1.2967681884765625,0.797271728515625,-1.0309600830078125
FCSiamDiff,9001,spatial_block,block_9_13,4,0,3,0,262141,0.0,0.0,0.0,0.0,0.9999885559082031,3.0,0.0011444091796875,0.0,0.0011444091796875
FCSiamDiff,9001,spatial_block,block_9_16,1,0,8027,0,57509,0.0,0.0,0.0,0.0,0.8775177001953125,8027.0,12.24822998046875,12.24822998046875,12.24822998046875
SiameseNestedUNet_local,42,region,EstuariesA,71,563462,62014,50790,3976790,0.9008531102712174,0.9173140665394659,0.9090090729574392,0.8331958134816774,0.9757570078675176,0.018272630776944968,1.4967797507702465,0.54168701171875,0.24121781470070422
SiameseNestedUNet_local,42,spatial_block,block_0_1,16,42288,29411,16336,960541,0.5897990209068467,0.7213427947598253,0.6489721691484656,0.48035440449821093,0.9563722610473633,0.2230315229257642,3.0745506286621094,0.94146728515625,1.2469291687011719
SiameseNestedUNet_local,42,spatial_block,block_4_4,1,0,100,0,65436,0.0,0.0,0.0,0.0,0.99847412109375,100.0,0.152587890625,0.152587890625,0.152587890625
SiameseNestedUNet_local,42,spatial_block,block_6_9,29,370367,18414,20993,1490770,0.9526365743181894,0.9463588511856091,0.9494873362630727,0.903832356372049,0.9792654103246229,-0.0065898405560098116,1.1709805192618534,0.469970703125,-0.13569798962823276
SiameseNestedUNet_local,42,spatial_block,block_7_10,20,150807,8752,13461,1137700,0.9451488164252722,0.9180546424136168,0.9314047315382538,0.8716159981505028,0.9830528259277344,-0.028666569264859863,0.7411956787109375,0.57373046875,-0.3592681884765625
SiameseNestedUNet_local,42,spatial_block,block_9_13,4,0,0,0,262144,0.0,0.0,0.0,0.0,1.0,0.0,0.0,0.0,0.0
SiameseNestedUNet_local,42,spatial_block,block_9_16,1,0,5337,0,60199,0.0,0.0,0.0,0.0,0.9185638427734375,5337.0,8.14361572265625,8.14361572265625,8.14361572265625
SiameseNestedUNet_local,1337,region,EstuariesA,71,603927,118770,10325,3920034,0.8356572671534543,0.983190937921244,0.9034405949661025,0.8238865954909949,0.9722558679715009,0.17654806170757278,2.3820689026738555,0.62255859375,2.3306188449053695
SiameseNestedUNet_local,1337,spatial_block,block_0_1,16,56305,59165,2319,930787,0.48761583095176236,0.9604428220524017,0.6468344687348342,0.47801577396870676,0.9413642883300781,0.9696711244541485,5.54962158203125,5.45654296875,5.421257019042969
SiameseNestedUNet_local,1337,spatial_block,block_4_4,1,0,412,0,65124,0.0,0.0,0.0,0.0,0.99371337890625,412.0,0.628662109375,0.628662109375,0.628662109375
SiameseNestedUNet_local,1337,spatial_block,block_6_9,29,388708,38957,2652,1470227,0.9089076730618592,0.9932236304170073,0.9491969109607048,0.9033061673138639,0.978106794686153,0.09276625102207686,1.9319205448545258,1.1138916015625,1.9102425410829742
SiameseNestedUNet_local,1337,spatial_block,block_7_10,20,158914,13402,5354,1133050,0.9222242856148007,0.9674069203983734,0.9442754260447074,0.8944335003095627,0.9856903076171875,0.04899310882216865,0.66253662109375,0.28228759765625,0.614013671875
SiameseNestedUNet_local,1337,spatial_block,block_9_13,4,0,0,0,262144,0.0,0.0,0.0,0.0,1.0,0.0,0.0,0.0,0.0
SiameseNestedUNet_local,1337,spatial_block,block_9_16,1,0,6834,0,58702,0.0,0.0,0.0,0.0,0.895721435546875,6834.0,10.4278564453125,10.4278564453125,10.4278564453125
SiameseNestedUNet_local,2025,region,EstuariesA,71,600894,58581,13358,3980223,0.9111702490617537,0.9782532250607243,0.943520864360545,0.8930804523559338,0.9845394080793354,0.07362287790678744,1.2307825222821303,0.7415771484375,0.9718988982724471
SiameseNestedUNet_local,2025,spatial_block,block_0_1,16,50932,7068,7692,982884,0.8781379310344828,0.8687909388646288,0.8734394292764928,0.7753151068623272,0.9859237670898438,-0.01064410480349345,0.7923126220703125,0.390625,-0.05950927734375
SiameseNestedUNet_local,2025,spatial_block,block_4_4,1,0,486,0,65050,0.0,0.0,0.0,0.0,0.992584228515625,486.0,0.7415771484375,0.7415771484375,0.7415771484375
SiameseNestedUNet_local,2025,spatial_block,block_6_9,29,390293,29943,1067,1479241,0.9287471801559124,0.9972736099754702,0.9617913346044026,0.9263950173628006,0.9836836190059267,0.07378372853638594,1.5246161099137931,1.54266357421875,1.519354458512931
SiameseNestedUNet_local,2025,spatial_block,block_7_10,20,159669,12407,4599,1134045,0.9278981380320324,0.9720030681569143,0.9494386699326639,0.9037441630111788,0.9870254516601562,0.04753208172011591,0.825653076171875,0.725555419921875,0.595703125
SiameseNestedUNet_local,2025,spatial_block,block_9_13,4,0,0,0,262144,0.0,0.0,0.0,0.0,1.0,0.0,0.0,0.0,0.0
SiameseNestedUNet_local,2025,spatial_block,block_9_16,1,0,8677,0,56859,0.0,0.0,0.0,0.0,0.8675994873046875,8677.0,13.24005126953125,13.24005126953125,13.24005126953125
SiameseNestedUNet_local,3407,region,EstuariesA,71,573262,45197,40990,3993607,0.9269199736765089,0.9332684305464207,0.9300833690941215,0.8693045254447274,0.981477334465779,0.006848980548699882,0.9357076295664613,0.38909912109375,0.09041369800836267
SiameseNestedUNet_local,3407,spatial_block,block_0_1,16,47851,15911,10773,974041,0.7504626580094728,0.81623567139738,0.7819685258112768,0.6419936942376064,0.9745521545410156,0.08764328602620088,1.194000244140625,1.158905029296875,0.48999786376953125
SiameseNestedUNet_local,3407,spatial_block,block_4_4,1,0,96,0,65440,0.0,0.0,0.0,0.0,0.99853515625,96.0,0.146484375,0.146484375,0.146484375
SiameseNestedUNet_local,3407,spatial_block,block_6_9,29,377805,16585,13555,1492599,0.9579477167270976,0.9653643704006541,0.9616417435566109,0.9261174913284879,0.9841413826778017,0.007742232215862633,0.49827838766163796,0.29296875,0.1594280374461207
SiameseNestedUNet_local,3407,spatial_block,block_7_10,20,147606,5509,16662,1140943,0.9640205074617118,0.8985681934399883,0.9301443366526925,0.8694110509668566,0.9830848693847656,-0.06789514695497602,1.0953521728515625,0.614166259765625,-0.8509063720703125
SiameseNestedUNet_local,3407,spatial_block,block_9_13,4,0,1,0,262143,0.0,0.0,0.0,0.0,0.9999961853027344,1.0,0.0003814697265625,0.0,0.0003814697265625
SiameseNestedUNet_local,3407,spatial_block,block_9_16,1,0,7095,0,58441,0.0,0.0,0.0,0.0,0.8917388916015625,7095.0,10.82611083984375,10.82611083984375,10.82611083984375
SiameseNestedUNet_local,9001,region,EstuariesA,71,550831,23429,63421,4015375,0.9592014070281754,0.8967508449300938,0.9269254328096025,0.8638033750417529,0.9813348474636884,-0.06510682911899351,1.3583760865977113,0.83465576171875,-0.8594781580105634
SiameseNestedUNet_local,9001,spatial_block,block_0_1,16,38279,1788,20345,988164,0.9553747472982754,0.6529578329694323,0.7757343628086897,0.6336323909157121,0.9788923263549805,-0.31654271288209607,1.7716407775878906,1.644134521484375,-1.7697334289550781
SiameseNestedUNet_local,9001,spatial_block,block_4_4,1,0,59,0,65477,0.0,0.0,0.0,0.0,0.9990997314453125,59.0,0.09002685546875,0.09002685546875,0.09002685546875
SiameseNestedUNet_local,9001,spatial_block,block_6_9,29,371900,13144,19460,1496040,0.965863641557848,0.9502759607522485,0.9580063987300578,0.9193975832130213,0.9828449117726293,-0.01613859362224039,0.8721713362068966,0.83465576171875,-0.3323259024784483
SiameseNestedUNet_local,9001,spatial_block,block_7_10,20,140652,2030,23616,1144422,0.9857725571550722,0.8562349331580101,0.916448933050488,0.8457828717122274,0.9804336547851562,-0.1314072126037938,1.646881103515625,0.713348388671875,-1.646881103515625
SiameseNestedUNet_local,9001,spatial_block,block_9_13,4,0,0,0,262144,0.0,0.0,0.0,0.0,1.0,0.0,0.0,0.0,0.0
SiameseNestedUNet_local,9001,spatial_block,block_9_16,1,0,6408,0,59128,0.0,0.0,0.0,0.0,0.9022216796875,6408.0,9.77783203125,9.77783203125,9.77783203125
BiT,42,region,EstuariesA,71,562035,64212,52217,3974592,0.8974653770796507,0.914990915780494,0.9061434148672266,0.8283932529950004,0.9749779499752421,0.019527815945247228,1.494351239271567,0.57220458984375,0.2577875701474472
BiT,42,spatial_block,block_0_1,16,40533,13603,18091,976349,0.748725432244717,0.69140625,0.7189251507621826,0.5611890290334639,0.9697742462158203,-0.07655567685589519,1.9021987915039062,0.771331787109375,-0.428009033203125
BiT,42,spatial_block,block_4_4,1,0,0,0,65536,0.0,0.0,0.0,0.0,1.0,0.0,0.0,0.0,0.0
BiT,42,spatial_block,block_6_9,29,376363,31402,14997,1477782,0.9229899574509828,0.9616797833197056,0.9419377444074463,0.8902479409218426,0.9755864636651401,0.04191792722812755,1.4517422380118534,0.640869140625,0.8631739123114224
BiT,42,spatial_block,block_7_10,20,145139,10181,19129,1136271,0.9344514550605202,0.8835500523534712,0.9082881710196887,0.831985279365316,0.9776382446289062,-0.054471960454866436,0.989532470703125,0.69122314453125,-0.68267822265625
BiT,42,spatial_block,block_9_13,4,0,0,0,262144,0.0,0.0,0.0,0.0,1.0,0.0,0.0,0.0,0.0
BiT,42,spatial_block,block_9_16,1,0,9026,0,56510,0.0,0.0,0.0,0.0,0.862274169921875,9026.0,13.7725830078125,13.7725830078125,13.7725830078125
BiT,1337,region,EstuariesA,71,573043,58668,41209,3980136,0.9071284178999575,0.932911899350755,0.9198395136929243,0.8515767104559234,0.9785351820395026,0.028423187877288147,1.214535135618398,0.59967041015625,0.37521577217209506
BiT,1337,spatial_block,block_0_1,16,49417,8461,9207,981491,0.8538131932685995,0.8429482805676856,0.8483459511419695,0.7366326302452113,0.9831504821777344,-0.012725163755458515,0.6708145141601562,0.478363037109375,-0.07114410400390625
BiT,1337,spatial_block,block_4_4,1,0,0,0,65536,0.0,0.0,0.0,0.0,1.0,0.0,0.0,0.0,0.0
BiT,1337,spatial_block,block_6_9,29,376772,28796,14588,1480388,0.9289983430645415,0.9627248569092396,0.9455609540631044,0.8967431144622473,0.9771728515625,0.036304170073589534,1.2067071322737069,0.6622314453125,0.7475754310344828
BiT,1337,spatial_block,block_7_10,20,146854,13059,17414,1133393,0.9183368456598275,0.8939903085202231,0.9060000431852512,0.8281536370659854,0.9767509460449219,-0.02651155428933207,1.3880157470703125,1.10931396484375,-0.3322601318359375
BiT,1337,spatial_block,block_9_13,4,0,0,0,262144,0.0,0.0,0.0,0.0,1.0,0.0,0.0,0.0,0.0
BiT,1337,spatial_block,block_9_16,1,0,8352,0,57184,0.0,0.0,0.0,0.0,0.87255859375,8352.0,12.744140625,12.744140625,12.744140625
BiT,2025,region,EstuariesA,71,564925,259499,49327,3779305,0.6852359950704977,0.9196958251662184,0.7853401321765957,0.6465514774804263,0.9336294254786531,0.3421592440887453,5.393444652288732,1.32598876953125,4.516859457526408
BiT,2025,spatial_block,block_0_1,16,48947,212144,9677,777808,0.1874710350031215,0.8349310862445415,0.30619145176142576,0.18077099214087336,0.7884550094604492,3.4536537936681224,19.638538360595703,15.95306396484375,19.308757781982422
BiT,2025,spatial_block,block_4_4,1,0,0,0,65536,0.0,0.0,0.0,0.0,1.0,0.0,0.0,0.0,0.0
BiT,2025,spatial_block,block_6_9,29,369045,24844,22315,1484340,0.9369263929685775,0.9429808871627147,0.9399438904087842,0.886692583444657,0.9751865781586746,0.006462080948487326,1.396600131330819,1.76849365234375,0.1330671639278017
BiT,2025,spatial_block,block_7_10,20,146933,14840,17335,1131612,0.9082665216074376,0.8944712299413154,0.90131609214742,0.8203597829242691,0.9754524230957031,-0.015188594248423308,0.8255767822265625,0.659942626953125,-0.1903533935546875
BiT,2025,spatial_block,block_9_13,4,0,0,0,262144,0.0,0.0,0.0,0.0,1.0,0.0,0.0,0.0,0.0
BiT,2025,spatial_block,block_9_16,1,0,7671,0,57865,0.0,0.0,0.0,0.0,0.8829498291015625,7671.0,11.70501708984375,11.70501708984375,11.70501708984375
BiT,3407,region,EstuariesA,71,572428,57214,41824,3981590,0.9091324911616442,0.9319106816095023,0.9203806755232986,0.8525048178165388,0.9787154936454665,0.025054863476227998,1.165986396897007,0.79193115234375,0.330750371368838
BiT,3407,spatial_block,block_0_1,16,48126,13137,10498,976815,0.7855638803192792,0.8209265829694323,0.802856022754261,0.6706428282771979,0.9774599075317383,0.04501569323144105,0.8801460266113281,0.882720947265625,0.2516746520996094
BiT,3407,spatial_block,block_4_4,1,0,0,0,65536,0.0,0.0,0.0,0.0,1.0,0.0,0.0,0.0,0.0
BiT,3407,spatial_block,block_6_9,29,373755,25678,17605,1483506,0.9357138744169861,0.9550158421913328,0.9452663339200077,0.8962132947117529,0.9772259942416487,0.02062806623058054,1.3184119915140087,0.9185791015625,0.4247731175915948
BiT,3407,spatial_block,block_7_10,20,150547,10671,13721,1135781,0.9338101204580134,0.9164718630530596,0.925059756793955,0.8605685410343034,0.981390380859375,-0.018567219421920276,0.933837890625,0.875091552734375,-0.232696533203125
BiT,3407,spatial_block,block_9_13,4,0,0,0,262144,0.0,0.0,0.0,0.0,1.0,0.0,0.0,0.0,0.0
BiT,3407,spatial_block,block_9_16,1,0,7728,0,57808,0.0,0.0,0.0,0.0,0.882080078125,7728.0,11.7919921875,11.7919921875,11.7919921875
BiT,9001,region,EstuariesA,71,582973,97838,31279,3940966,0.8562919811812676,0.9490779028802511,0.9003006031361827,0.8186788186886489,0.9722511398960167,0.10835780754478617,2.0019316337477995,1.22528076171875,1.4304362552266725
BiT,9001,spatial_block,block_0_1,16,51439,28547,7185,961405,0.6431000425074388,0.8774392740174672,0.7422119616184426,0.5900930355278705,0.9659233093261719,0.36439001091703055,2.36358642578125,1.128387451171875,2.0372390747070312
BiT,9001,spatial_block,block_4_4,1,0,0,0,65536,0.0,0.0,0.0,0.0,1.0,0.0,0.0,0.0,0.0
BiT,9001,spatial_block,block_6_9,29,380875,42543,10485,1466641,0.8995248194455597,0.9732088103025347,0.9349172412603105,0.877788353618205,0.9720985149515087,0.08191434995911692,2.1457014412715516,1.91650390625,1.686780206088362
BiT,9001,spatial_block,block_7_10,20,150659,18915,13609,1127537,0.8884557774187081,0.9171536757006843,0.9025766680041251,0.8224507732704454,0.9751861572265625,0.03230087418121606,1.507110595703125,1.1566162109375,0.404815673828125
BiT,9001,spatial_block,block_9_13,4,0,0,0,262144,0.0,0.0,0.0,0.0,1.0,0.0,0.0,0.0,0.0
BiT,9001,spatial_block,block_9_16,1,0,7833,0,57703,0.0,0.0,0.0,0.0,0.8804779052734375,7833.0,11.95220947265625,11.95220947265625,11.95220947265625
ChangeFormer,42,region,EstuariesA,71,495576,47871,118676,3990933,0.9119122931951046,0.8067959078684318,0.8561396356042661,0.7484651643274739,0.9642069641972931,-0.11527027995024844,3.017307335222271,0.970458984375,-1.5216881120708627
ChangeFormer,42,spatial_block,block_0_1,16,0,26189,58624,963763,0.0,0.0,0.0,0.0,0.9191160202026367,-0.5532716975982532,7.359218597412109,6.77032470703125,-3.093242645263672
ChangeFormer,42,spatial_block,block_4_4,1,0,636,0,64900,0.0,0.0,0.0,0.0,0.99029541015625,636.0,0.970458984375,0.970458984375,0.970458984375
ChangeFormer,42,spatial_block,block_6_9,29,365703,8713,25657,1500471,0.976729092773813,0.9344414349959117,0.9551174233713479,0.9140906784511826,0.9819157041352371,-0.04329517579721995,1.1251515355603448,0.9552001953125,-0.891534213362069
ChangeFormer,42,spatial_block,block_7_10,20,129873,3170,34395,1143282,0.9761731169621851,0.7906165534370663,0.873650823547911,0.7756482996691313,0.9713401794433594,-0.1900857135899871,2.4449920654296875,0.539398193359375,-2.3822784423828125
ChangeFormer,42,spatial_block,block_9_13,4,0,0,0,262144,0.0,0.0,0.0,0.0,1.0,0.0,0.0,0.0,0.0
ChangeFormer,42,spatial_block,block_9_16,1,0,9163,0,56373,0.0,0.0,0.0,0.0,0.8601837158203125,9163.0,13.98162841796875,13.98162841796875,13.98162841796875
ChangeFormer,1337,region,EstuariesA,71,522346,84763,91906,3954041,0.8603825672161012,0.8503773695486543,0.8553507112142841,0.7472600731028661,0.9620316196495379,-0.011628777765477362,2.971745880556778,0.91705322265625,-0.15351201446963028
ChangeFormer,1337,spatial_block,block_0_1,16,19758,63330,38866,926622,0.23779607163489314,0.33702920305676853,0.2788472394711193,0.16201190612854027,0.9025382995605469,0.4173034934497817,7.8155517578125,3.71856689453125,2.33306884765625
ChangeFormer,1337,spatial_block,block_4_4,1,0,863,0,64673,0.0,0.0,0.0,0.0,0.9868316650390625,863.0,1.31683349609375,1.31683349609375,1.31683349609375
ChangeFormer,1337,spatial_block,block_6_9,29,368551,8096,22809,1501088,0.9785050723887353,0.9417186222403925,0.959759481358394,0.9226322799006649,0.9837388663456358,-0.03759454210956664,0.9239986025053879,0.6256103515625,-0.7741467706088362
ChangeFormer,1337,spatial_block,block_7_10,20,134037,2648,30231,1143804,0.9806269890624428,0.8159653736576814,0.8907503829496659,0.8030206810611326,0.9749153137207032,-0.16791462731633672,2.1419525146484375,0.940704345703125,-2.1044158935546875
ChangeFormer,1337,spatial_block,block_9_13,4,0,0,0,262144,0.0,0.0,0.0,0.0,1.0,0.0,0.0,0.0,0.0
ChangeFormer,1337,spatial_block,block_9_16,1,0,9826,0,55710,0.0,0.0,0.0,0.0,0.850067138671875,9826.0,14.9932861328125,14.9932861328125,14.9932861328125
ChangeFormer,2025,region,EstuariesA,71,539479,100436,74773,3938368,0.8430479047998563,0.8782698306232621,0.8602985088902619,0.7548454710307155,0.9623453919316681,0.041779269745967455,2.8656220771897005,1.007080078125,0.5515300052266725
ChangeFormer,2025,spatial_block,block_0_1,16,33617,79272,25007,910680,0.2977880927282552,0.5734340884279476,0.39200527073704516,0.2437851714335441,0.9005517959594727,0.9256447871179039,7.506465911865234,2.802276611328125,5.175113677978516
ChangeFormer,2025,spatial_block,block_4_4,1,0,222,0,65314,0.0,0.0,0.0,0.0,0.996612548828125,222.0,0.3387451171875,0.3387451171875,0.3387451171875
ChangeFormer,2025,spatial_block,block_6_9,29,367848,7981,23512,1501203,0.9787642784351394,0.9399223221586264,0.9589501413597126,0.9211375741534178,0.9834294812432651,-0.03968468928863451,1.1085773336476292,0.91400146484375,-0.8171870790678879
ChangeFormer,2025,spatial_block,block_7_10,20,138014,2944,26254,1143508,0.9791143461172832,0.8401758102612803,0.9043397351465743,0.8253833456928928,0.9777236938476562,-0.14190225728687267,1.7791748046875,0.7965087890625,-1.778411865234375
ChangeFormer,2025,spatial_block,block_9_13,4,0,0,0,262144,0.0,0.0,0.0,0.0,1.0,0.0,0.0,0.0,0.0
ChangeFormer,2025,spatial_block,block_9_16,1,0,10017,0,55519,0.0,0.0,0.0,0.0,0.8471527099609375,10017.0,15.28472900390625,15.28472900390625,15.28472900390625
ChangeFormer,3407,region,EstuariesA,71,468143,36753,146109,4002051,0.9272067911015338,0.7621350846232491,0.8366060610387953,0.719108148170905,0.9607006664007482,-0.1780311663616887,3.6464637433978875,1.90277099609375,-2.3501973756602115
ChangeFormer,3407,spatial_block,block_0_1,16,0,23406,58624,966546,0.0,0.0,0.0,0.0,0.9217700958251953,-0.6007437227074236,7.3451995849609375,6.79168701171875,-3.3586502075195312
ChangeFormer,3407,spatial_block,block_4_4,1,0,417,0,65119,0.0,0.0,0.0,0.0,0.9936370849609375,417.0,0.63629150390625,0.63629150390625,0.63629150390625
ChangeFormer,3407,spatial_block,block_6_9,29,353592,2936,37768,1506248,0.9917650226630167,0.9034955028618152,0.9455747384630142,0.8967679104023373,0.978582974137931,-0.08900245298446444,1.8327384159482758,1.67694091796875,-1.8327384159482758
ChangeFormer,3407,spatial_block,block_7_10,20,114551,1154,49717,1145298,0.9900263601400112,0.697342148196849,0.8183003361033535,0.6924774213828874,0.9611885070800781,-0.29563274648744736,3.7050628662109375,1.8951416015625,-3.7050628662109375
ChangeFormer,3407,spatial_block,block_9_13,4,0,0,0,262144,0.0,0.0,0.0,0.0,1.0,0.0,0.0,0.0,0.0
ChangeFormer,3407,spatial_block,block_9_16,1,0,8840,0,56696,0.0,0.0,0.0,0.0,0.8651123046875,8840.0,13.48876953125,13.48876953125,13.48876953125
ChangeFormer,9001,region,EstuariesA,71,482155,37456,132097,4001348,0.9279153058730474,0.78494656916054,0.8504642977144831,0.7398328699356154,0.96356093715614,-0.1540752004063479,3.244727766010123,1.3824462890625,-2.0339535995268485
ChangeFormer,9001,spatial_block,block_0_1,16,0,21698,58624,968254,0.0,0.0,0.0,0.0,0.9233989715576172,-0.6298785480349345,7.200050354003906,6.780242919921875,-3.5215377807617188
ChangeFormer,9001,spatial_block,block_4_4,1,0,585,0,64951,0.0,0.0,0.0,0.0,0.9910736083984375,585.0,0.89263916015625,0.89263916015625,0.89263916015625
ChangeFormer,9001,spatial_block,block_6_9,29,358669,5040,32691,1504144,0.9861427679820955,0.9164682134096485,0.9500297323815744,0.9048158425832492,0.9801472630994074,-0.07065361815208504,1.4548992288523708,1.35040283203125,-1.4548992288523708
ChangeFormer,9001,spatial_block,block_7_10,20,123486,1835,40782,1144617,0.9853576016788886,0.7517349696836876,0.8528362610453359,0.7434302812110558,0.9674858093261719,-0.2370942605985341,2.9714202880859375,1.360321044921875,-2.9714202880859375
ChangeFormer,9001,spatial_block,block_9_13,4,0,0,0,262144,0.0,0.0,0.0,0.0,1.0,0.0,0.0,0.0,0.0
ChangeFormer,9001,spatial_block,block_9_16,1,0,8298,0,57238,0.0,0.0,0.0,0.0,0.873382568359375,8298.0,12.6617431640625,12.6617431640625,12.6617431640625
STeInFormer,42,region,EstuariesA,71,586098,34852,28154,4003952,0.9438730976729205,0.954165391402877,0.9489913390679277,0.9029338904089329,0.9864592216384243,0.010904319399855434,0.8004201969630281,0.2777099609375,0.1439484072403169
STeInFormer,42,spatial_block,block_0_1,16,54441,7314,4183,982638,0.8815642458100559,0.9286469705240175,0.9044933086330659,0.8256392368588674,0.9890356063842773,0.05340816048034935,0.5555152893066406,0.180816650390625,0.2985954284667969
STeInFormer,42,spatial_block,block_4_4,1,0,0,0,65536,0.0,0.0,0.0,0.0,1.0,0.0,0.0,0.0,0.0
STeInFormer,42,spatial_block,block_6_9,29,379813,13732,11547,1495452,0.9651069128053971,0.9704951962387571,0.9677935546335003,0.93759689157031,0.9866990714237608,0.005583094848732624,0.5468434300915949,0.2716064453125,0.1149670831088362
STeInFormer,42,spatial_block,block_7_10,20,151844,5498,12424,1140954,0.9650570095715066,0.9243674970170697,0.9442741208290762,0.8944311581824393,0.9863265991210938,-0.042162807120072074,0.970306396484375,0.540924072265625,-0.528411865234375
STeInFormer,42,spatial_block,block_9_13,4,0,0,0,262144,0.0,0.0,0.0,0.0,1.0,0.0,0.0,0.0,0.0
STeInFormer,42,spatial_block,block_9_16,1,0,8308,0,57228,0.0,0.0,0.0,0.0,0.87322998046875,8308.0,12.677001953125,12.677001953125,12.677001953125
STeInFormer,1337,region,EstuariesA,71,576409,117597,37843,3921207,0.8305533381555779,0.9383917349882459,0.8811855153947831,0.7876064598025002,0.9665939975792254,0.12983921908272175,2.791541730853873,0.55389404296875,1.7140133280149648
STeInFormer,1337,spatial_block,block_0_1,16,55608,96132,3016,893820,0.3664689600632661,0.9485534934497817,0.5286836150668147,0.35932694047403657,0.9054450988769531,1.5883597161572052,8.916473388671875,4.85687255859375,8.880233764648438
STeInFormer,1337,spatial_block,block_4_4,1,0,0,0,65536,0.0,0.0,0.0,0.0,1.0,0.0,0.0,0.0,0.0
STeInFormer,1337,spatial_block,block_6_9,29,373771,10799,17589,1498385,0.9719192864758042,0.95505672526574,0.9634142255095332,0.9294110041053414,0.9850632240032328,-0.017349754701553557,0.6944327518857759,0.54473876953125,-0.3572661301185345
STeInFormer,1337,spatial_block,block_7_10,20,147030,2618,17238,1143834,0.9825056131722442,0.8950617283950617,0.9367474101346963,0.8810205769207723,0.98485107421875,-0.08900090096671293,1.155853271484375,0.531768798828125,-1.11541748046875
STeInFormer,1337,spatial_block,block_9_13,4,0,0,0,262144,0.0,0.0,0.0,0.0,1.0,0.0,0.0,0.0,0.0
STeInFormer,1337,spatial_block,block_9_16,1,0,8048,0,57488,0.0,0.0,0.0,0.0,0.877197265625,8048.0,12.2802734375,12.2802734375,12.2802734375
STeInFormer,2025,region,EstuariesA,71,599011,164823,15241,3873981,0.7842162040443342,0.9751877079765308,0.8693376175357119,0.7688746269614607,0.961301991637324,0.24351894662125642,3.3979389029489435,1.08642578125,3.2147044866857395
STeInFormer,2025,spatial_block,block_0_1,16,57328,116393,1296,873559,0.330000402944952,0.9778930131004366,0.493473068066506,0.32755675162984166,0.8877630233764648,1.9633085425764192,10.976505279541016,6.940460205078125,10.976505279541016
STeInFormer,2025,spatial_block,block_4_4,1,0,0,0,65536,0.0,0.0,0.0,0.0,1.0,0.0,0.0,0.0,0.0
STeInFormer,2025,spatial_block,block_6_9,29,384337,25110,7023,1484074,0.9386733814144443,0.9820548855273916,0.9598742268731414,0.9228443825485629,0.9830927355536099,0.04621576042518397,1.0669050545528018,0.83465576171875,0.9516748888739224
STeInFormer,2025,spatial_block,block_7_10,20,157346,13836,6922,1132616,0.9191737449030856,0.9578615433316288,0.9381189447006479,0.8834501190315771,0.9841629028320312,0.04208975576496944,1.010894775390625,0.901031494140625,0.527496337890625
STeInFormer,2025,spatial_block,block_9_13,4,0,0,0,262144,0.0,0.0,0.0,0.0,1.0,0.0,0.0,0.0,0.0
STeInFormer,2025,spatial_block,block_9_16,1,0,9484,0,56052,0.0,0.0,0.0,0.0,0.85528564453125,9484.0,14.471435546875,14.471435546875,14.471435546875
STeInFormer,3407,region,EstuariesA,71,590880,113298,23372,3925506,0.8391060214888849,0.9619504698397401,0.8963388272409941,0.812150367672325,0.9706279056172975,0.14639919772340992,2.440030809859155,0.384521484375,1.9326223454005282
STeInFormer,3407,spatial_block,block_0_1,16,55373,86794,3251,903158,0.38949263893871294,0.9445448962882096,0.5515486251869705,0.38078504724311985,0.9141263961791992,1.4250648198689957,8.067035675048828,4.78363037109375,7.967281341552734
STeInFormer,3407,spatial_block,block_4_4,1,0,0,0,65536,0.0,0.0,0.0,0.0,1.0,0.0,0.0,0.0,0.0
STeInFormer,3407,spatial_block,block_6_9,29,381346,14384,10014,1494800,0.9636519849392262,0.9744123058053966,0.9690022741994009,0.9398684885050672,0.9871626229121767,0.011166189697465249,0.7518899851831896,0.43182373046875,0.2299341662176724
STeInFormer,3407,spatial_block,block_7_10,20,154161,4461,10107,1141991,0.9718765366720884,0.9384724961648039,0.9548824677129628,0.913660366623402,0.988885498046875,-0.03437066257579078,0.533905029296875,0.2685546875,-0.430755615234375
STeInFormer,3407,spatial_block,block_9_13,4,0,0,0,262144,0.0,0.0,0.0,0.0,1.0,0.0,0.0,0.0,0.0
STeInFormer,3407,spatial_block,block_9_16,1,0,7659,0,57877,0.0,0.0,0.0,0.0,0.8831329345703125,7659.0,11.68670654296875,11.68670654296875,11.68670654296875
STeInFormer,9001,region,EstuariesA,71,584899,28815,29353,4009989,0.9530481624991446,0.9522134238065159,0.9526306102932703,0.9095459726591475,0.9874989684198944,-0.0008758620240552738,0.6908148107394366,0.34942626953125,-0.011562293683978873
STeInFormer,9001,spatial_block,block_0_1,16,51970,7130,6654,982822,0.8793570219966159,0.8864969978165939,0.8829125751753351,0.7903701675943668,0.9868545532226562,0.008119541484716157,0.7976531982421875,0.504302978515625,0.0453948974609375
STeInFormer,9001,spatial_block,block_4_4,1,0,0,0,65536,0.0,0.0,0.0,0.0,1.0,0.0,0.0,0.0,0.0
STeInFormer,9001,spatial_block,block_6_9,29,379420,10838,11940,1498346,0.9722286282408048,0.9694910057236305,0.97085788710036,0.9433662027160752,0.9880150104391163,-0.0028158217497955846,0.4568165746228448,0.38909912109375,-0.0579833984375
STeInFormer,9001,spatial_block,block_7_10,20,153509,3478,10759,1142974,0.9778452992922981,0.9345033725375606,0.9556831800278267,0.9151276334458049,0.9891380310058594,-0.044323909708525094,0.5896759033203125,0.273895263671875,-0.5554962158203125
STeInFormer,9001,spatial_block,block_9_13,4,0,0,0,262144,0.0,0.0,0.0,0.0,1.0,0.0,0.0,0.0,0.0
STeInFormer,9001,spatial_block,block_9_16,1,0,7369,0,58167,0.0,0.0,0.0,0.0,0.8875579833984375,7369.0,11.24420166015625,11.24420166015625,11.24420166015625
EdgeRefNet,42,region,EstuariesA,71,575470,104441,38782,3934363,0.8463901893041883,0.9368630464369673,0.889331560243458,0.8007174134157422,0.9692195838605854,0.10689261085026992,2.2815758073833625,0.57220458984375,1.4110941282460387
EdgeRefNet,42,spatial_block,block_0_1,16,46206,75501,12418,914451,0.3796494860607853,0.7881754912663755,0.5124576473258666,0.3444995340167754,0.9161539077758789,1.076060998908297,6.952762603759766,3.009033203125,6.016063690185547
EdgeRefNet,42,spatial_block,block_4_4,1,0,876,0,64660,0.0,0.0,0.0,0.0,0.98663330078125,876.0,1.336669921875,1.336669921875,1.336669921875
EdgeRefNet,42,spatial_block,block_6_9,29,381872,15301,9488,1493883,0.9614752261608921,0.9757563368765331,0.968563141935221,0.9390425932164629,0.986956892342403,0.014853331970564187,0.41046142578125,0.23956298828125,0.30585979593211204
EdgeRefNet,42,spatial_block,block_7_10,20,147392,5022,16876,1141430,0.9670502709724829,0.8972654442739912,0.9308517692822512,0.8706480004725619,0.9832931518554687,-0.07216256361555506,1.2847900390625,0.7843017578125,-0.904388427734375
EdgeRefNet,42,spatial_block,block_9_13,4,0,0,0,262144,0.0,0.0,0.0,0.0,1.0,0.0,0.0,0.0,0.0
EdgeRefNet,42,spatial_block,block_9_16,1,0,7741,0,57795,0.0,0.0,0.0,0.0,0.8818817138671875,7741.0,11.81182861328125,11.81182861328125,11.81182861328125
EdgeRefNet,1337,region,EstuariesA,71,569990,78829,44262,3959975,0.878503866255458,0.9279416265636905,0.902546254327246,0.8224002677897677,0.9735462027536311,0.05627494904371496,1.705997090944102,0.48675537109375,0.742888114821743
EdgeRefNet,1337,spatial_block,block_0_1,16,42591,52267,16033,937685,0.44899744881823356,0.726511326419214,0.5549966771343059,0.3840798622070321,0.9348640441894531,0.6180745087336245,4.882049560546875,1.996612548828125,3.4555435180664062
EdgeRefNet,1337,spatial_block,block_4_4,1,0,53,0,65483,0.0,0.0,0.0,0.0,0.9991912841796875,53.0,0.08087158203125,0.08087158203125,0.08087158203125
EdgeRefNet,1337,spatial_block,block_6_9,29,378684,13031,12676,1496153,0.9667334669338677,0.9676103843008994,0.9671717268455875,0.9364303359867059,0.9864738727438038,0.0009070932134096484,0.2993353481950431,0.244140625,0.018678862473060345
EdgeRefNet,1337,spatial_block,block_7_10,20,148715,5729,15553,1140723,0.9629056486493486,0.905319356174057,0.933224980546201,0.8748095554627434,0.9837631225585938,-0.05980470937735895,1.121368408203125,0.759124755859375,-0.74951171875
EdgeRefNet,1337,spatial_block,block_9_13,4,0,0,0,262144,0.0,0.0,0.0,0.0,1.0,0.0,0.0,0.0,0.0
EdgeRefNet,1337,spatial_block,block_9_16,1,0,7749,0,57787,0.0,0.0,0.0,0.0,0.8817596435546875,7749.0,11.82403564453125,11.82403564453125,11.82403564453125
EdgeRefNet,2025,region,EstuariesA,71,587749,1448222,26503,2590582,0.288682402647189,0.9568532133391507,0.44354682605918677,0.2849728045056568,0.6830631309831646,2.3145533103677316,30.55452158753301,28.21502685546875,30.55452158753301
EdgeRefNet,2025,spatial_block,block_0_1,16,54109,567980,4515,421972,0.08697951579275634,0.9229837609170306,0.15897742514083443,0.08635278421459167,0.4540262222290039,9.611507232532752,53.736209869384766,51.15966796875,53.736209869384766
EdgeRefNet,2025,spatial_block,block_4_4,1,0,46432,0,19104,0.0,0.0,0.0,0.0,0.29150390625,46432.0,70.849609375,70.849609375,70.849609375
EdgeRefNet,2025,spatial_block,block_6_9,29,376018,447409,15342,1061775,0.4566500734127008,0.9607982420278005,0.6190681987866757,0.4482974454229949,0.7565165552599676,1.1040142068683565,22.733859358162714,19.04296875,22.733859358162714
EdgeRefNet,2025,spatial_block,block_7_10,20,157622,334650,6646,811802,0.3201929014853577,0.9595417244989894,0.4801596246988053,0.3159276674724103,0.73961181640625,1.996761389923783,25.02471923828125,23.529052734375,25.02471923828125
EdgeRefNet,2025,spatial_block,block_9_13,4,0,48874,0,213270,0.0,0.0,0.0,0.0,0.8135604858398438,48874.0,18.643951416015625,10.027313232421875,18.643951416015625
EdgeRefNet,2025,spatial_block,block_9_16,1,0,2877,0,62659,0.0,0.0,0.0,0.0,0.9561004638671875,2877.0,4.38995361328125,4.38995361328125,4.38995361328125
EdgeRefNet,3407,region,EstuariesA,71,547313,177537,66939,3861267,0.7550707042836449,0.8910235538508625,0.8174328766586377,0.6912359227016288,0.9474590462698064,0.1800531378001211,4.106505488006162,0.97503662109375,2.376889510893486
EdgeRefNet,3407,spatial_block,block_0_1,16,43298,156571,15326,833381,0.21663189389049828,0.7385712336244541,0.33500326894697086,0.2012035595622575,0.8360662460327148,2.4093374727074237,13.701343536376953,8.0078125,13.470172882080078
EdgeRefNet,3407,spatial_block,block_4_4,1,0,198,0,65338,0.0,0.0,0.0,0.0,0.996978759765625,198.0,0.3021240234375,0.3021240234375,0.3021240234375
EdgeRefNet,3407,spatial_block,block_6_9,29,364384,9868,26976,1499316,0.9736327394375982,0.9310711365494685,0.9518764073703356,0.9081719122294556,0.9806139715786638,-0.0437142273098937,0.9040569436961207,0.59661865234375,-0.9001633216594828
EdgeRefNet,3407,spatial_block,block_7_10,20,139631,2772,24637,1143680,0.980534117960998,0.8500194803613607,0.9106240890069405,0.8359135536398468,0.9790885925292969,-0.13310565660993012,1.6709136962890625,0.8514404296875,-1.6681671142578125
EdgeRefNet,3407,spatial_block,block_9_13,4,0,0,0,262144,0.0,0.0,0.0,0.0,1.0,0.0,0.0,0.0,0.0
EdgeRefNet,3407,spatial_block,block_9_16,1,0,8128,0,57408,0.0,0.0,0.0,0.0,0.8759765625,8128.0,12.40234375,12.40234375,12.40234375
EdgeRefNet,9001,region,EstuariesA,71,573447,1274303,40805,2764501,0.31034880259775405,0.9335696098669601,0.46583796438795655,0.30364326164713235,0.7173668230083626,2.008130213658238,26.53133768430898,25.10986328125,26.50941660706426
EdgeRefNet,9001,spatial_block,block_0_1,16,52853,401989,5771,587963,0.11620079060420982,0.9015590884279476,0.20586757448379472,0.11474491601409426,0.6111297607421875,6.758631277292577,37.786293029785156,39.24102783203125,37.786293029785156
EdgeRefNet,9001,spatial_block,block_4_4,1,0,35434,0,30102,0.0,0.0,0.0,0.0,0.459320068359375,35434.0,54.0679931640625,54.0679931640625,54.0679931640625
EdgeRefNet,9001,spatial_block,block_6_9,29,366231,352317,25129,1156867,0.5096820254179262,0.9357905764513491,0.6599303726070027,0.49245976411802433,0.8014010725350216,0.8360282093213409,17.26916082974138,16.59393310546875,17.215491985452587
EdgeRefNet,9001,spatial_block,block_7_10,20,154363,440522,9905,705930,0.25948376576985466,0.9397021939756982,0.4066716458997627,0.2552340481820136,0.6563514709472656,2.6214296150193586,32.85346984863281,32.92694091796875,32.85346984863281
EdgeRefNet,9001,spatial_block,block_9_13,4,0,27585,0,234559,0.0,0.0,0.0,0.0,0.8947715759277344,27585.0,10.522842407226562,1.029205322265625,10.522842407226562
EdgeRefNet,9001,spatial_block,block_9_16,1,0,16456,0,49080,0.0,0.0,0.0,0.0,0.7489013671875,16456.0,25.10986328125,25.10986328125,25.10986328125
COAST,42,region,EstuariesA,71,565561,47399,48691,3991405,0.9226719524928217,0.9207312308303433,0.9217005700721524,0.854772380000937,0.9793490557603433,-0.002103371254794449,1.1555416483274648,0.57373046875,-0.02776669784330986
COAST,42,spatial_block,block_0_1,16,45794,5495,12830,984457,0.8928620171966698,0.7811476528384279,0.8332772283528361,0.7142032782794492,0.9825239181518555,-0.12511940502183405,0.7712364196777344,0.423431396484375,-0.6995201110839844
COAST,42,spatial_block,block_4_4,1,0,0,0,65536,0.0,0.0,0.0,0.0,1.0,0.0,0.0,0.0,0.0
COAST,42,spatial_block,block_6_9,29,374794,24888,16566,1484296,0.9377304957441166,0.95767068683565,0.9475957028825328,0.9004103323018969,0.9781883502828663,0.021264309076042518,1.2128106478987069,1.0101318359375,0.4378746295797414
COAST,42,spatial_block,block_7_10,20,144973,9386,19295,1137066,0.9391936978083558,0.8825395086078847,0.909985657209969,0.8348382415608048,0.9781181335449218,-0.06032215647600263,1.1444854736328125,0.750732421875,-0.7559967041015625
COAST,42,spatial_block,block_9_13,4,0,0,0,262144,0.0,0.0,0.0,0.0,1.0,0.0,0.0,0.0,0.0
COAST,42,spatial_block,block_9_16,1,0,7630,0,57906,0.0,0.0,0.0,0.0,0.883575439453125,7630.0,11.6424560546875,11.6424560546875,11.6424560546875
COAST,1337,region,EstuariesA,71,585820,101726,28432,3937078,0.8520448086382584,0.9537128084239042,0.9000167460691681,0.8182094980572029,0.9720274159606074,0.1193223628087495,1.9288828675176057,0.9735107421875,1.5751798387984155
COAST,1337,spatial_block,block_0_1,16,51072,24309,7552,965643,0.6775182075058702,0.87117903930131,0.7622402149168617,0.61582241086178,0.9696149826049805,0.28583856441048033,2.125263214111328,1.2542724609375,1.5980720520019531
COAST,1337,spatial_block,block_4_4,1,0,78,0,65458,0.0,0.0,0.0,0.0,0.998809814453125,78.0,0.1190185546875,0.1190185546875,0.1190185546875
COAST,1337,spatial_block,block_6_9,29,379876,46098,11484,1463086,0.8917821275476907,0.9706561733442355,0.9295489971047235,0.8683713636509105,0.969702358903556,0.08844542109566639,2.063830145474138,0.9735107421875,1.8212680158943966
COAST,1337,spatial_block,block_7_10,20,154872,22025,9396,1124427,0.8754925182450805,0.9428007889546351,0.9079008690804439,0.8313355842677932,0.9760276794433593,0.07688046363260038,1.4456939697265625,1.010894775390625,0.9635162353515625
COAST,1337,spatial_block,block_9_13,4,0,0,0,262144,0.0,0.0,0.0,0.0,1.0,0.0,0.0,0.0,0.0
COAST,1337,spatial_block,block_9_16,1,0,9216,0,56320,0.0,0.0,0.0,0.0,0.859375,9216.0,14.0625,14.0625,14.0625
COAST,2025,region,EstuariesA,71,576206,90418,38046,3948386,0.8643643193164362,0.938061251733816,0.8997061386108886,0.8176962266025232,0.9723914777728874,0.08526142365022825,1.7107036751760563,1.141357421875,1.1255398602552817
COAST,2025,spatial_block,block_0_1,16,50787,35727,7837,954225,0.587037936056592,0.8663175491266376,0.6998442861272037,0.5382772837595786,0.9584541320800781,0.4757437227074236,3.0794143676757812,2.266693115234375,2.6597976684570312
COAST,2025,spatial_block,block_4_4,1,0,944,0,64592,0.0,0.0,0.0,0.0,0.985595703125,944.0,1.4404296875,1.4404296875,1.4404296875
COAST,2025,spatial_block,block_6_9,29,374549,30505,16811,1478679,0.9246890538051716,0.9570446647587899,0.940588688797035,0.8878408969694096,0.975103970231681,0.03499080130825838,1.221124057112069,1.11083984375,0.7205305428340517
COAST,2025,spatial_block,block_7_10,20,150870,14024,13398,1132428,0.9149514233386297,0.9184381620279056,0.9166914771444924,0.8461961277006259,0.9790786743164063,0.0038108456911875714,1.06353759765625,1.145172119140625,0.047760009765625
COAST,2025,spatial_block,block_9_13,4,0,0,0,262144,0.0,0.0,0.0,0.0,1.0,0.0,0.0,0.0,0.0
COAST,2025,spatial_block,block_9_16,1,0,9218,0,56318,0.0,0.0,0.0,0.0,0.859344482421875,9218.0,14.0655517578125,14.0655517578125,14.0655517578125
COAST,3407,region,EstuariesA,71,575509,62264,38743,3976540,0.9023727878100829,0.9369265382937296,0.9193250933482752,0.8506953272354238,0.9782923308896346,0.03829210161301876,1.3481677418023768,0.98876953125,0.5054957430127641
COAST,3407,spatial_block,block_0_1,16,49073,8664,9551,981288,0.849940246289208,0.8370803766375546,0.843461297169514,0.7292979431696588,0.9826288223266602,-0.015130322052401746,0.7941246032714844,0.52947998046875,-0.08459091186523438
COAST,3407,spatial_block,block_4_4,1,0,0,0,65536,0.0,0.0,0.0,0.0,1.0,0.0,0.0,0.0,0.0
COAST,3407,spatial_block,block_6_9,29,374202,32447,17158,1476737,0.9202088287441995,0.9561580130825839,0.9378390469275423,0.8829537973653101,0.9738995782260237,0.039066332788225674,1.8351061590786637,1.3885498046875,0.8044538826778017
COAST,3407,spatial_block,block_7_10,20,152234,13913,12034,1132539,0.9162609014908485,0.9267416660579054,0.9214714828316959,0.8543784129621004,0.9802040100097656,0.011438624686487934,0.9374237060546875,1.00860595703125,0.1433563232421875
COAST,3407,spatial_block,block_9_13,4,0,0,0,262144,0.0,0.0,0.0,0.0,1.0,0.0,0.0,0.0,0.0
COAST,3407,spatial_block,block_9_16,1,0,7240,0,58296,0.0,0.0,0.0,0.0,0.8895263671875,7240.0,11.04736328125,11.04736328125,11.04736328125
COAST,9001,region,EstuariesA,71,574371,55560,39881,3983244,0.9117998637946061,0.9350738784733301,0.9232902233830377,0.8575107642144363,0.9794885339871259,0.02552535441480044,1.1469666386993838,0.54168701171875,0.33696134325484156
COAST,9001,spatial_block,block_0_1,16,49068,6918,9556,983034,0.8764333940628014,0.8369950873362445,0.8562603612245242,0.7486497207897226,0.9842891693115234,-0.04499863537117904,0.6290435791015625,0.296783447265625,-0.25157928466796875
COAST,9001,spatial_block,block_4_4,1,0,0,0,65536,0.0,0.0,0.0,0.0,1.0,0.0,0.0,0.0,0.0
COAST,9001,spatial_block,block_6_9,29,374452,27173,16908,1482011,0.9323423591658886,0.9567968111201962,0.9444113066446446,0.8946773611638748,0.9768061144598599,0.02622904742436631,1.2773711105872845,0.83770751953125,0.5401085162984913
COAST,9001,spatial_block,block_7_10,20,150851,12951,13417,1133501,0.9209350313182989,0.9183224973823264,0.9196269088908949,0.8512123417917943,0.9798828125,-0.0028368276231524095,1.066436767578125,0.97503662109375,-0.035552978515625
COAST,9001,spatial_block,block_9_13,4,0,0,0,262144,0.0,0.0,0.0,0.0,1.0,0.0,0.0,0.0,0.0
COAST,9001,spatial_block,block_9_16,1,0,8518,0,57018,0.0,0.0,0.0,0.0,0.870025634765625,8518.0,12.9974365234375,12.9974365234375,12.9974365234375
