experiment,seed,validation_selected_threshold,pr_auc,brier_score,ece_10bin,reproduction_f1_difference,reproduction_iou_difference,reproduction_passes,fixed_0p5_threshold,fixed_0p5_tp,fixed_0p5_fp,fixed_0p5_fn,fixed_0p5_tn,fixed_0p5_precision,fixed_0p5_recall,fixed_0p5_f1,fixed_0p5_iou,fixed_0p5_oa,fixed_0p5_boundary_precision,fixed_0p5_boundary_recall,fixed_0p5_boundary_f1,fixed_0p5_patch_sampled_area_relative_bias,fixed_0p5_patch_area_fraction_mae_pp,fixed_0p5_patch_area_fraction_median_ae_pp,fixed_0p5_patch_area_fraction_signed_error_pp,fixed_0p5_patch_sampled_area_absolute_relative_error,val_threshold_threshold,val_threshold_tp,val_threshold_fp,val_threshold_fn,val_threshold_tn,val_threshold_precision,val_threshold_recall,val_threshold_f1,val_threshold_iou,val_threshold_oa,val_threshold_boundary_precision,val_threshold_boundary_recall,val_threshold_boundary_f1,val_threshold_patch_sampled_area_relative_bias,val_threshold_patch_area_fraction_mae_pp,val_threshold_patch_area_fraction_median_ae_pp,val_threshold_patch_area_fraction_signed_error_pp,val_threshold_patch_sampled_area_absolute_relative_error
COAST_ECAM,42,0.51,0.9865418054704446,0.03289183648925157,0.13807859396642705,4.999935121485777e-08,1.4088730182493236e-13,True,0.5,586424,30848,27828,4007956,0.9500252724892754,0.9546961182055573,0.9523549683151803,0.9090435591381181,0.9873897928587148,0.8245531144184581,0.8274052628857985,0.8259767264984229,0.004916548908265663,0.792296503631162,0.3326416015625,0.06490358164612677,0.004916548908265663,0.51,585512,29965,28740,4008839,0.9513141839581333,0.9532113855551142,0.952261839803229,0.9088738732445745,0.9873835603955766,0.8233209053195399,0.8260611073773458,0.8246887301300593,0.00199429550086935,0.7906416772117077,0.3387451171875,0.026326783945862676,0.00199429550086935
COAST_ECAM,1337,0.54,0.9834120197338566,0.0566564562663311,0.2009430197237817,4.9965302562071656e-08,1.3389289676979388e-13,True,0.5,594894,52422,19358,3986382,0.9190163691303783,0.9684852470972826,0.9431025517446302,0.8923311843569721,0.9845735791703345,0.7175146154347685,0.8564597011838908,0.7808543591111492,0.05382807056387281,0.9518045774647887,0.5523681640625,0.7105867627640845,0.05382807056387281,0.54,589112,38728,25140,4000076,0.9383154943934761,0.9590721723331792,0.9485802983992965,0.9021899598762596,0.9862739670444542,0.7515659041394336,0.8643436902238536,0.8040192957530767,0.022121214094541004,0.7330236300616197,0.35552978515625,0.292023134903169,0.022121214094541004
COAST_ECAM,3407,0.4,0.9856781636081503,0.015213517142542321,0.07243186023648412,4.999960701024264e-08,1.4233059175694507e-13,True,0.5,585718,27357,28534,4011447,0.9553774008074053,0.9535467527985256,0.9544611990116622,0.9128893142084977,0.9879883242325044,0.8355414901035241,0.8259835599441658,0.8307350340062016,-0.0019161516771618163,0.7216977401518486,0.274658203125,-0.025295203840228875,0.0019161516771618163,0.4,590127,30972,24125,4007832,0.9501335535880754,0.9607245886053281,0.9553997204028509,0.9146079501072496,0.988158964774978,0.8397611876649165,0.8318254665770562,0.8357744900271916,0.011146890852614236,0.7058801785321303,0.28839111328125,0.14715060381822184,0.011146890852614236
COAST_ECAM_shuffled,42,0.5,0.9875670526691116,0.03255461829972873,0.13677803032778432,4.9996611295455295e-08,1.3955503419538218e-13,True,0.5,588721,35185,25531,4003619,0.9436052866938289,0.9584356257692282,0.9509626396626125,0.9065097923278163,0.9869513713138204,0.8051210191082803,0.8292147029933309,0.8169902642463969,0.015716676543177717,0.7904052734375,0.3936767578125,0.2074765487455986,0.015716676543177717,0.5,588721,35185,25531,4003619,0.9436052866938289,0.9584356257692282,0.9509626396626125,0.9065097923278163,0.9869513713138204,0.8051210191082803,0.8292147029933309,0.8169902642463969,0.015716676543177717,0.7904052734375,0.3936767578125,0.2074765487455986,0.015716676543177717
COAST_ECAM_shuffled,1337,0.53,0.9790280526747652,0.06482504299204882,0.21479835852362547,4.993492774829633e-08,1.2789769243681803e-13,True,0.5,593237,66862,21015,3971942,0.8987091330239858,0.9657876571830454,0.931041761649156,0.8709804819751172,0.9811141323035871,0.6785207205608306,0.7955591169932276,0.7323936350783807,0.07463874761498539,1.3207019214898768,0.726318359375,0.9853094396456866,0.07463874761498539,0.53,591148,58392,23104,3980412,0.9101025341010561,0.9623867728554404,0.935514704950948,0.8788422999387492,0.9824854891065141,0.7034003303964758,0.800599700149925,0.7488591518128999,0.057448734395655204,1.1694249972491197,0.65155029296875,0.7583833076584507,0.057448734395655204
COAST_ECAM_shuffled,3407,0.47,0.9824266358713535,0.03254496287424768,0.13711661050777998,4.9983855388013865e-08,1.3722356584366935e-13,True,0.5,593160,43321,21092,3995483,0.9319366956751262,0.9656623014658479,0.9484997997169456,0.9020443357619611,0.9861568397199604,0.8032524590163934,0.8054076410070826,0.8043286063228527,0.036188730358224314,0.8380513795664613,0.33721923828125,0.47772904516945425,0.036188730358224314,0.47,595266,46434,18986,3992370,0.9276390836839644,0.9690908617310159,0.947912022114995,0.9009817068925329,0.9859404228102993,0.8016167852658016,0.8034689551775837,0.8025418015767924,0.044685243190091366,0.8915001237896126,0.48828125,0.5898918904049296,0.044685243190091366
COAST_ECAM_random_per_epoch,42,0.5,0.9861478767737342,0.033624236553653396,0.14075115149631678,4.9999530959965455e-08,1.4133139103478243e-13,True,0.5,583959,28380,30293,4010424,0.9536531235149157,0.95068310725891,0.9521657993572321,0.9086989132193852,0.9873904375962808,0.8175399575854756,0.8323166003205293,0.8248621067850423,-0.003114356974010667,0.7260389730963909,0.2410888671875,-0.04111276545994718,0.003114356974010667,0.5,583959,28380,30293,4010424,0.9536531235149157,0.95068310725891,0.9521657993572321,0.9086989132193852,0.9873904375962808,0.8175399575854756,0.8323166003205293,0.8248621067850423,-0.003114356974010667,0.7260389730963909,0.2410888671875,-0.04111276545994718,0.003114356974010667
COAST_ECAM_random_per_epoch,1337,0.53,0.9808213741860031,0.0616819874516835,0.20639673278922338,4.981043832952281e-08,1.1879386363489175e-13,True,0.5,598924,95852,15328,3942952,0.8620389881055189,0.9750460722960609,0.9150667518184087,0.8434313846985794,0.976106025803257,0.6257691924723688,0.8134467249134054,0.7073711373245075,0.13109277625469676,1.8484626017825705,0.98724365234375,1.730561592209507,0.13109277625469676,0.53,595926,79591,18326,3959213,0.8821776505994667,0.9701653393069946,0.9240817541740858,0.8588772964489084,0.9789564105826365,0.6623017486783245,0.8448275862068966,0.7425119725628961,0.0997391949883761,1.5142951213138205,0.775146484375,1.3166615660761443,0.0997391949883761
COAST_ECAM_random_per_epoch,3407,0.51,0.9893820732843442,0.01650776691938443,0.08093615910164738,4.9996615736347394e-08,1.4144241333724494e-13,True,0.5,591369,32531,22883,4006273,0.947858631190896,0.9627465600437606,0.955244590324436,0.9143236603312085,0.9880908375055018,0.8571947979303594,0.8080184045908081,0.8318804727209393,0.015706908565214277,0.7870526380941901,0.2899169921875,0.20734760123239437,0.015706908565214277,0.51,591038,32096,23214,4006708,0.9484926195649732,0.962207693259444,0.9553009327722968,0.9144269031543379,0.9881131884077905,0.8573228081961707,0.8072946285477951,0.8315569484146089,0.014459863378548219,0.7846456178477113,0.29296875,0.19088530204665494,0.014459863378548219
COAST_ECAM_prior_only_gating,42,0.57,0.9822201894548971,0.042663832979268485,0.16245972592451347,4.990642710200888e-08,1.283417816466681e-13,True,0.5,600149,69541,14103,3969263,0.8961594170437068,0.9770403677969303,0.9348537550756648,0.8776764313176648,0.982023857009243,0.7161229090046268,0.7879594685415913,0.7503256938763047,0.09025286038954695,1.3921603350572183,0.7110595703125,1.1914320395026408,0.09025286038954695,0.57,596439,57806,17813,3980998,0.9116447202500593,0.9710005014228688,0.9403869303588154,0.8874814376140154,0.9837485299983495,0.7455742501828823,0.8038566923434834,0.7736193129992124,0.06510845711532075,1.1645035004951585,0.6195068359375,0.8594996492627641,0.06510845711532075
COAST_ECAM_prior_only_gating,1337,0.53,0.9850015070799325,0.058266539307234286,0.20337855886276257,4.9987785466498735e-08,1.3811174426336947e-13,True,0.5,592577,40895,21675,3997909,0.9354430819357445,0.9647131796070668,0.9498526917806952,0.9044947164529488,0.9865529234980194,0.7989208265139116,0.8159799410639508,0.8073602812281194,0.03129008940955829,0.8447781415052817,0.482177734375,0.4130618672975352,0.03129008940955829,0.53,588801,35691,25451,4003113,0.9428479468111681,0.9585658654754075,0.9506419405457306,0.9059271351487745,0.9868598185794454,0.8067393714388842,0.8207361836323218,0.8136775889966822,0.016670682390940526,0.7908350984815141,0.3448486328125,0.22007042253521128,0.016670682390940526
COAST_ECAM_prior_only_gating,3407,0.51,0.9852033295101941,0.042853727318447846,0.16327865423312218,4.9886633823881255e-08,1.262323578998803e-13,True,0.5,600090,75482,14162,3963322,0.8882694960714772,0.9769443160136231,0.9304990448304238,0.8700310554503621,0.9807343818772007,0.7264804679241738,0.8066742490823554,0.7644800351003783,0.09982873478637432,1.494931503080986,0.66986083984375,1.317843584947183,0.09982873478637432,0.51,599642,73636,14610,3965168,0.8906306161793494,0.9762149736590194,0.931461014500134,0.8717145814434908,0.9810348295829665,0.7299170280973034,0.808095952023988,0.7670195288888836,0.09609411121168511,1.4594279544454225,0.63934326171875,1.2685426523987675,0.09609411121168511
COAST_ECAM_no_gating,42,0.5,0.9865820606301796,0.030884325244027257,0.13267553394072987,4.9999415052681684e-08,1.4033219031261979e-13,True,0.5,581937,29645,32315,4009159,0.9515273503798346,0.9473912986852302,0.9494548201464366,0.9037734296013182,0.9866840201364436,0.8104129263913824,0.8315411259887298,0.8208410903465475,-0.004346750193731563,0.8326140927596831,0.372314453125,-0.05738164337588028,0.004346750193731563,0.5,581937,29645,32315,4009159,0.9515273503798346,0.9473912986852302,0.9494548201464366,0.9037734296013182,0.9866840201364436,0.8104129263913824,0.8315411259887298,0.8208410903465475,-0.004346750193731563,0.8326140927596831,0.372314453125,-0.05738164337588028,0.004346750193731563
COAST_ECAM_no_gating,1337,0.57,0.9836650341179842,0.05621604662034288,0.1992667793011801,4.999274449968283e-08,1.3788969965844444e-13,True,0.5,589349,39512,24903,3999292,0.9371689451245983,0.9594580074627351,0.9481825063364138,0.9014705612422832,0.9861564098949164,0.8258393121200504,0.7894070206276173,0.8072122965775435,0.023783398344653334,0.9256497235365317,0.408935546875,0.313965703400088,0.023783398344653334,0.57,584281,32176,29971,4006628,0.9478049563878745,0.9512073220762814,0.9495030913070308,0.9038609094903067,0.9866438314948284,0.837313349365248,0.7919143876337693,0.8139813400691701,0.0035897319015648303,0.8537829761773768,0.2899169921875,0.04738821110255282,0.0035897319015648303
COAST_ECAM_no_gating,3407,0.51,0.9805362713181964,0.03400760396027754,0.13711987327927314,4.999177971587443e-08,1.3566925360919413e-13,True,0.5,586660,43200,27592,3995604,0.9314133299463373,0.9550803253387861,0.9430983705642082,0.892323698155911,0.9847859127420775,0.7467440577554986,0.8144806906891382,0.779142934461721,0.02540976667556638,1.0429274867957747,0.44403076171875,0.33543546434859156,0.02540976667556638,0.51,585663,42270,28589,3996534,0.9326839009894368,0.9534572130005274,0.942956161923851,0.8920691157341262,0.984771513603103,0.7451863205287863,0.8148167295662514,0.7784475556939239,0.022272617752974348,1.0384787975902288,0.41046142578125,0.2940218213578345,0.022272617752974348
COAST_ECAM_zero,42,0.52,0.9869955556516228,0.03102879291164164,0.13372799475406813,9.043040256617729e-07,1.5509840846084089e-06,True,0.5,583833,30500,30419,4008304,0.9503526588999777,0.9504779797216778,0.9504153151791578,0.9055156091024146,0.986907744071853,0.8092656855543453,0.8375898257767668,0.8231841833200103,0.00013186770250646313,0.7862144792583626,0.2685546875,0.0017407914282570422,0.00013186770250646313,0.52,581802,28764,32450,4010040,0.9528896138992344,0.9471715191810527,0.9500219624461653,0.9048017467683541,0.9868443448778609,0.8062436548223351,0.8341001912836685,0.8199353913570822,-0.006000794462207693,0.7918236960827465,0.29754638671875,-0.07921675561179578,0.006000794462207693
COAST_ECAM_zero,1337,0.54,0.9749743567925936,0.07546994228987033,0.23561540579523768,4.9932260215435065e-08,1.2800871473928055e-13,True,0.5,594078,66992,20174,3971812,0.8986612612885171,0.9671568020942545,0.9316517710816273,0.8720487813470651,0.9812669351067341,0.6938587394861159,0.7783952851160627,0.7336999761281113,0.0762195320487357,1.3676603075484155,0.89569091796875,1.0061774455325705,0.0762195320487357,0.54,587030,55250,27222,3983554,0.9139783272093168,0.9556826839798649,0.9343653802683671,0.8768159019689261,0.9822757344850352,0.7049624875711832,0.8077340640024815,0.7528571602319029,0.04562948105989073,1.157132000990317,0.64849853515625,0.602356816681338,0.04562948105989073
COAST_ECAM_zero,3407,0.35,0.9840603256030439,0.016945917069205063,0.07946261161494246,4.9999613005446975e-08,1.4133139103478243e-13,True,0.5,584514,28647,29738,4010157,0.9532798074241512,0.9515866452205284,0.9524324738286022,0.9091848019673385,0.9874523324026189,0.8427285513361463,0.7958176084371608,0.8186015588097081,-0.0017761439930191517,0.7487767179247359,0.2044677734375,-0.02344695615096831,0.0017761439930191517,0.35,591656,36764,22596,4002040,0.9414977244517998,0.9632137949896785,0.9522319646691796,0.9088194452978114,0.987242792693662,0.8408845290547843,0.7963862896138137,0.8180307160573015,0.02306545196434037,0.8391044509242958,0.3997802734375,0.30448806117957744,0.02306545196434037
COAST_ECAM_constant,42,0.61,0.9779736059027537,0.04747636788204163,0.16595447122666956,4.982024248700867e-08,1.1646239528317892e-13,True,0.5,593107,99420,21145,3939384,0.8564388103279728,0.9655760176605042,0.9077387989854053,0.8310638500599715,0.974089071784221,0.7031351837285088,0.8234503437936205,0.7585515496330263,0.12743141251473336,2.1008773588798415,0.59661865234375,1.6822277660101232,0.12743141251473336,0.61,585387,77768,28865,3961036,0.8827302817591665,0.9530078860142092,0.9165238643590979,0.8459105228172596,0.9770832330408231,0.7277322436639346,0.8150235227213979,0.7689083518625902,0.07961390439103169,1.724608515349912,0.46844482421875,1.0509867063710387,0.07961390439103169
COAST_ECAM_constant,1337,0.58,0.9835641842775239,0.06107130472685598,0.2079039406452863,4.990546864647172e-08,1.2712053631958042e-13,True,0.5,598134,71853,16118,3966951,0.8927546355377045,0.9737599551975411,0.9314995106046141,0.8717820158722062,0.9810939305265185,0.6564730889548408,0.847929483534095,0.7400185262254383,0.09073637529873732,1.3051852374009683,0.738525390625,1.19781494140625,0.09073637529873732,0.58,588411,41629,25841,3997175,0.9339264173703257,0.9579309469077838,0.9457763933219677,0.8971307295073344,0.9854998521401849,0.7335239771227453,0.8694876699581244,0.7957397625754078,0.025702806014469632,0.7647017358054577,0.4058837890625,0.3393038897447183,0.025702806014469632
COAST_ECAM_constant,3407,0.62,0.9890747503025897,0.017771476376947676,0.08649875698576683,4.9996586537481846e-08,1.4066525722000733e-13,True,0.5,590383,33563,23869,4005241,0.9462084859907749,0.9611413556651016,0.9536164652175023,0.9113450599322337,0.9876571440360915,0.8269461404273877,0.8019180065139844,0.8142397899434307,0.01578179639626733,0.7208165988116197,0.3204345703125,0.20833619883362675,0.01578179639626733,0.62,584539,27531,29713,4011273,0.955019850670675,0.9516273451287094,0.9533205797493536,0.910804742412934,0.9876975475902289,0.8280092848458053,0.7936204311637285,0.810450226903754,-0.0035522879860383034,0.6967893788512324,0.37689208984375,-0.04689391230193662,0.0035522879860383034
SNUNetCDLiteNoECAM,42,0.69,0.9559706918308404,0.035551429047360555,0.03664716926685367,4.935278496986939e-08,9.492406860545088e-14,True,0.5,594636,177279,19616,3861525,0.7703387030955481,0.9680652240448545,0.8579572302610838,0.7512478980608467,0.9576847989794234,0.4571145607812428,0.8874011270226956,0.6034053452783686,0.25667478494168516,3.6549527880171655,0.3173828125,3.3883752957196305,0.25667478494168516,0.69,589038,149970,25214,3888834,0.79706579631073,0.9589517006049635,0.8705466798688568,0.7707681799267752,0.9623507647447183,0.46338512336884,0.8990332419996898,0.6115575660843736,0.2031023098011891,3.1515631877200705,0.27618408203125,2.6811626595510565,0.2031023098011891
SNUNetCDLiteNoECAM,1337,0.35,0.9826230645657082,0.015073378266802844,0.013927674411506646,4.9903000065576464e-08,1.2601031329495527e-13,True,0.5,596822,73924,17430,3964880,0.8897883848729623,0.9716240240162018,0.9289072823454657,0.8672519820511032,0.9803668814645686,0.559819343263267,0.873649382205449,0.6823808775160992,0.09197202451111271,1.505978006712148,0.42877197265625,1.2141268018265845,0.09197202451111271,0.35,600321,92473,13931,3946331,0.8665216500142899,0.9773203831652156,0.9185920005870863,0.8494407301284093,0.9771324480083626,0.5259105497158673,0.8643178410794603,0.6539268999840918,0.12786608753410653,1.8797538649867958,0.4852294921875,1.6879659303477113,0.12786608753410653
SNUNetCDLiteNoECAM,3407,0.66,0.9620478596942212,0.035755643279441335,0.03602820226896686,4.937683140138205e-08,9.492406860545088e-14,True,0.5,592810,175775,21442,3863029,0.7713005067754379,0.9650925027513138,0.8573823234403743,0.7503667596170763,0.9576155971473371,0.4666807551422936,0.8735976839166624,0.6083679554034119,0.251253557171975,3.6672457842759685,0.43487548828125,3.316809425891285,0.251253557171975,0.66,588034,154854,26218,3883950,0.7915513509438838,0.9573171922924142,0.8665782454273895,0.7645682129641428,0.9610853598151409,0.4806457726292848,0.8872977304451223,0.6235285335154799,0.2094189355508814,3.2793071908010565,0.29449462890625,2.7645487180897885,0.2094189355508814
