target,comparator,metric,n,higher_is_better,target_mean,comparator_mean,target_minus_comparator,oriented_advantage,paired_t_p,wilcoxon_p
COAST_ECAM,COAST_ECAM_shuffled,fixed_0p5_f1,3,True,0.9499729063571576,0.9435014003429046,0.006471506014252837,0.006471506014252837,0.17127160245464534,0.25
COAST_ECAM,COAST_ECAM_shuffled,fixed_0p5_iou,3,True,0.9047546859011959,0.8931782033549648,0.011576482546231115,0.011576482546231115,0.16734340194868025,0.25
COAST_ECAM,COAST_ECAM_shuffled,fixed_0p5_boundary_f1,3,True,0.8125220398719245,0.7845708352158768,0.027951204656047796,0.027951204656047796,0.13417105443467842,0.25
COAST_ECAM,COAST_ECAM_shuffled,fixed_0p5_patch_area_fraction_mae_pp,3,False,0.8219329404159331,0.9830528581646126,-0.16111991774867954,0.16111991774867954,0.2785522561903332,0.5
COAST_ECAM,COAST_ECAM_shuffled,fixed_0p5_patch_sampled_area_relative_bias,3,False,0.01894282259832555,0.042181384838795806,-0.023238562240470256,0.023238562240470256,0.10035866021841708,0.25
COAST_ECAM,COAST_ECAM_shuffled,pr_auc,3,True,0.9852106629374838,0.9830072470717434,0.0022034158657403915,0.0022034158657403915,0.3128039061589589,0.5
COAST_ECAM,COAST_ECAM_random_per_epoch,fixed_0p5_f1,3,True,0.9499729063571576,0.9408257138333589,0.009147192523798623,0.009147192523798623,0.43512007894346594,0.75
COAST_ECAM,COAST_ECAM_random_per_epoch,fixed_0p5_iou,3,True,0.9047546859011959,0.8888179860830577,0.015936699818138278,0.015936699818138278,0.435772288220203,0.75
COAST_ECAM,COAST_ECAM_random_per_epoch,fixed_0p5_boundary_f1,3,True,0.8125220398719245,0.7880379056101631,0.02448413426176151,0.02448413426176151,0.42302832678153013,0.75
COAST_ECAM,COAST_ECAM_random_per_epoch,fixed_0p5_patch_area_fraction_mae_pp,3,False,0.8219329404159331,1.1205180709910505,-0.2985851305751174,0.2985851305751174,0.4263127730534987,0.75
COAST_ECAM,COAST_ECAM_random_per_epoch,fixed_0p5_patch_sampled_area_relative_bias,3,False,0.01894282259832555,0.047895109281966795,-0.028952286683641238,0.028952286683641238,0.3704488476183788,0.5
COAST_ECAM,COAST_ECAM_random_per_epoch,pr_auc,3,True,0.9852106629374838,0.9854504414146938,-0.00023977847721001755,-0.00023977847721001755,0.9084645406065432,1.0
COAST_ECAM,COAST_ECAM_prior_only_gating,fixed_0p5_f1,3,True,0.9499729063571576,0.9384018305622611,0.011571075794896283,0.011571075794896283,0.3414039878558738,0.5
COAST_ECAM,COAST_ECAM_prior_only_gating,fixed_0p5_iou,3,True,0.9047546859011959,0.8840674010736586,0.020687284827537417,0.020687284827537417,0.34236861262025386,0.5
COAST_ECAM,COAST_ECAM_prior_only_gating,fixed_0p5_boundary_f1,3,True,0.8125220398719245,0.7740553367349342,0.038466703136990445,0.038466703136990445,0.35934391984458613,0.5
COAST_ECAM,COAST_ECAM_prior_only_gating,fixed_0p5_patch_area_fraction_mae_pp,3,False,0.8219329404159331,1.243956659881162,-0.4220237194652288,0.4220237194652288,0.25750269849830254,0.5
COAST_ECAM,COAST_ECAM_prior_only_gating,fixed_0p5_patch_sampled_area_relative_bias,3,False,0.01894282259832555,0.07379056152849318,-0.05484773893016764,0.05484773893016764,0.29470052567350136,0.5
COAST_ECAM,COAST_ECAM_prior_only_gating,pr_auc,3,True,0.9852106629374838,0.9841416753483413,0.0010689875891426077,0.0010689875891426077,0.6000189585269748,0.75
COAST_ECAM,COAST_ECAM_no_gating,fixed_0p5_f1,3,True,0.9499729063571576,0.9469118990156863,0.0030610073414713743,0.0030610073414713743,0.5851499670525326,0.75
COAST_ECAM,COAST_ECAM_no_gating,fixed_0p5_iou,3,True,0.9047546859011959,0.8991892296665042,0.005565456234691846,0.005565456234691846,0.5829478759043781,0.75
COAST_ECAM,COAST_ECAM_no_gating,fixed_0p5_boundary_f1,3,True,0.8125220398719245,0.8023987737952707,0.010123266076653925,0.010123266076653925,0.698533371767679,0.75
COAST_ECAM,COAST_ECAM_no_gating,fixed_0p5_patch_area_fraction_mae_pp,3,False,0.8219329404159331,0.9337304343639966,-0.11179749394806342,0.11179749394806342,0.40382974225528967,0.5
COAST_ECAM,COAST_ECAM_no_gating,fixed_0p5_patch_sampled_area_relative_bias,3,False,0.01894282259832555,0.014948804942162719,0.003994017656162835,-0.003994017656162835,0.8339280702790537,0.75
COAST_ECAM,COAST_ECAM_no_gating,pr_auc,3,True,0.9852106629374838,0.9835944553554534,0.0016162075820304045,0.0016162075820304045,0.4562536215300226,1.0
COAST_ECAM,COAST_ECAM_zero,fixed_0p5_f1,3,True,0.9499729063571576,0.9448331866964624,0.005139719660695115,0.005139719660695115,0.24491607598736895,0.25
COAST_ECAM,COAST_ECAM_zero,fixed_0p5_iou,3,True,0.9047546859011959,0.8955830641389394,0.009171621762256573,0.009171621762256573,0.24055723977320412,0.25
COAST_ECAM,COAST_ECAM_zero,fixed_0p5_boundary_f1,3,True,0.8125220398719245,0.7918285727526099,0.020693467119314673,0.020693467119314673,0.26508475332692727,0.25
COAST_ECAM,COAST_ECAM_zero,fixed_0p5_patch_area_fraction_mae_pp,3,False,0.8219329404159331,0.9675505015771714,-0.14561756116123822,0.14561756116123822,0.39484495572336076,0.5
COAST_ECAM,COAST_ECAM_zero,fixed_0p5_patch_sampled_area_relative_bias,3,False,0.01894282259832555,0.02485841858607434,-0.005915595987748786,0.005915595987748786,0.552520430293395,0.75
COAST_ECAM,COAST_ECAM_zero,pr_auc,3,True,0.9852106629374838,0.9820100793490868,0.0032005835883970692,0.0032005835883970692,0.35564862936771013,0.5
COAST_ECAM,COAST_ECAM_constant,fixed_0p5_f1,3,True,0.9499729063571576,0.9309515916025072,0.019021314754650298,0.019021314754650298,0.28546258748623,0.25
COAST_ECAM,COAST_ECAM_constant,fixed_0p5_iou,3,True,0.9047546859011959,0.8713969752881372,0.033357710613058845,0.033357710613058845,0.2836637623856112,0.25
COAST_ECAM,COAST_ECAM_constant,fixed_0p5_boundary_f1,3,True,0.8125220398719245,0.7709366219339651,0.04158541793795948,0.04158541793795948,0.10562532521138818,0.25
COAST_ECAM,COAST_ECAM_constant,fixed_0p5_patch_area_fraction_mae_pp,3,False,0.8219329404159331,1.3756263983641432,-0.55369345794821,0.55369345794821,0.29247072911411726,0.5
COAST_ECAM,COAST_ECAM_constant,fixed_0p5_patch_sampled_area_relative_bias,3,False,0.01894282259832555,0.07798319473657934,-0.059040372138253784,0.059040372138253784,0.20833346749749396,0.25
COAST_ECAM,COAST_ECAM_constant,pr_auc,3,True,0.9852106629374838,0.9835375134942891,0.0016731494431947065,0.0016731494431947065,0.685621866026131,1.0
COAST_ECAM,SNUNetCDLiteNoECAM,fixed_0p5_f1,3,True,0.9499729063571576,0.8814156120156413,0.06855729434151625,0.06855729434151625,0.1278372398389989,0.25
COAST_ECAM,SNUNetCDLiteNoECAM,fixed_0p5_iou,3,True,0.9047546859011959,0.7896222132430087,0.11513247265818723,0.11513247265818723,0.12501813681098511,0.25
COAST_ECAM,SNUNetCDLiteNoECAM,fixed_0p5_boundary_f1,3,True,0.8125220398719245,0.63138472606596,0.18113731380596465,0.18113731380596465,0.04832335408489036,0.25
COAST_ECAM,SNUNetCDLiteNoECAM,fixed_0p5_patch_area_fraction_mae_pp,3,False,0.8219329404159331,2.942725526335094,-2.120792585919161,2.120792585919161,0.11372097587193065,0.25
COAST_ECAM,SNUNetCDLiteNoECAM,fixed_0p5_patch_sampled_area_relative_bias,3,False,0.01894282259832555,0.19996678887492428,-0.18102396627659875,0.18102396627659875,0.12679498295570085,0.25
COAST_ECAM,SNUNetCDLiteNoECAM,pr_auc,3,True,0.9852106629374838,0.9668805386969233,0.018330124240560536,0.018330124240560536,0.1784993544542058,0.25
