experiment,seed,group_type,group_name,n_patches,tp,fp,fn,tn,precision,recall,f1,iou,oa,patch_sampled_area_relative_bias,patch_area_fraction_mae_pp,patch_area_fraction_median_ae_pp,patch_area_fraction_signed_error_pp
COAST_ECAM,42,region,EstuariesA,71,586424,30848,27828,4007956,0.9500252724892754,0.9546961182055573,0.9523549683151803,0.9090435591381181,0.9873897928587148,0.004916548908265663,0.792296503631162,0.3326416015625,0.06490358164612677
COAST_ECAM,42,spatial_block,block_0_1,16,53247,4872,5377,985080,0.9161719919475558,0.908279885371179,0.9122088690537473,0.8385882575280332,0.9902257919311523,-0.008614219432314411,0.6159782409667969,0.453948974609375,-0.048160552978515625
COAST_ECAM,42,spatial_block,block_4_4,1,0,0,0,65536,0.0,0.0,0.0,0.0,1.0,0.0,0.0,0.0,0.0
COAST_ECAM,42,spatial_block,block_6_9,29,383180,12869,8180,1496315,0.9675065459071983,0.9790985282093213,0.9732680220820518,0.9479280308933797,0.9889247499663254,0.011981295993458709,0.46981285358297414,0.3173828125,0.2467188341864224
COAST_ECAM,42,spatial_block,block_7_10,20,149997,5196,14271,1141256,0.9665191084649436,0.9131236759441888,0.9390629842135358,0.8851260444696218,0.9851478576660156,-0.05524508729636935,1.0350799560546875,0.47607421875,-0.6923675537109375
COAST_ECAM,42,spatial_block,block_9_13,4,0,0,0,262144,0.0,0.0,0.0,0.0,1.0,0.0,0.0,0.0,0.0
COAST_ECAM,42,spatial_block,block_9_16,1,0,7911,0,57625,0.0,0.0,0.0,0.0,0.8792877197265625,7911.0,12.07122802734375,12.07122802734375,12.07122802734375
COAST_ECAM,1337,region,EstuariesA,71,594894,52422,19358,3986382,0.9190163691303783,0.9684852470972826,0.9431025517446302,0.8923311843569721,0.9845735791703345,0.05382807056387281,0.9518045774647887,0.5523681640625,0.7105867627640845
COAST_ECAM,1337,spatial_block,block_0_1,16,55108,10501,3516,979451,0.8399457391516408,0.9400245633187773,0.8871716854614964,0.7972224231464737,0.9866323471069336,0.11914915393013101,0.8425712585449219,0.47607421875,0.6661415100097656
COAST_ECAM,1337,spatial_block,block_4_4,1,0,0,0,65536,0.0,0.0,0.0,0.0,1.0,0.0,0.0,0.0,0.0
COAST_ECAM,1337,spatial_block,block_6_9,29,385666,23863,5694,1485321,0.9417306222514157,0.9854507358953394,0.963094760946398,0.928816563629664,0.984448136954472,0.04642528618152085,0.9657761146282328,0.860595703125,0.9559894430226293
COAST_ECAM,1337,spatial_block,block_7_10,20,154120,8953,10148,1137499,0.9450982075512194,0.9382229040348699,0.9416480062070939,0.8897304599326872,0.9854270935058593,-0.007274697445637616,0.6098175048828125,0.519561767578125,-0.0911712646484375
COAST_ECAM,1337,spatial_block,block_9_13,4,0,0,0,262144,0.0,0.0,0.0,0.0,1.0,0.0,0.0,0.0,0.0
COAST_ECAM,1337,spatial_block,block_9_16,1,0,9105,0,56431,0.0,0.0,0.0,0.0,0.8610687255859375,9105.0,13.89312744140625,13.89312744140625,13.89312744140625
COAST_ECAM,3407,region,EstuariesA,71,585718,27357,28534,4011447,0.9553774008074053,0.9535467527985256,0.9544611990116622,0.9128893142084977,0.9879883242325044,-0.0019161516771618163,0.7216977401518486,0.274658203125,-0.025295203840228875
COAST_ECAM,3407,spatial_block,block_0_1,16,49489,2733,9135,987219,0.9476657347478075,0.8441764465065502,0.8929325370328632,0.806574636960738,0.9886817932128906,-0.10920442139737992,0.6952285766601562,0.437164306640625,-0.6105422973632812
COAST_ECAM,3407,spatial_block,block_4_4,1,0,0,0,65536,0.0,0.0,0.0,0.0,1.0,0.0,0.0,0.0,0.0
COAST_ECAM,3407,spatial_block,block_6_9,29,384908,12962,6452,1496222,0.9674215195918264,0.9835139002452985,0.9754013405466155,0.9519838148802192,0.9897850299703663,0.016634300899427638,0.4709178003771552,0.1922607421875,0.34253350619612066
COAST_ECAM,3407,spatial_block,block_7_10,20,151321,3988,12947,1142464,0.9743221577629113,0.9211836754571797,0.9470080763003604,0.8993498003042982,0.9870796203613281,-0.054538924197043856,0.7375335693359375,0.38299560546875,-0.6835174560546875
COAST_ECAM,3407,spatial_block,block_9_13,4,0,0,0,262144,0.0,0.0,0.0,0.0,1.0,0.0,0.0,0.0,0.0
COAST_ECAM,3407,spatial_block,block_9_16,1,0,7674,0,57862,0.0,0.0,0.0,0.0,0.882904052734375,7674.0,11.7095947265625,11.7095947265625,11.7095947265625
COAST_ECAM_shuffled,42,region,EstuariesA,71,588721,35185,25531,4003619,0.9436052866938289,0.9584356257692282,0.9509626396626125,0.9065097923278163,0.9869513713138204,0.015716676543177717,0.7904052734375,0.3936767578125,0.2074765487455986
COAST_ECAM_shuffled,42,spatial_block,block_0_1,16,54125,7646,4499,982306,0.8762202327953247,0.9232566866812227,0.8991237177618658,0.816734570695639,0.9884176254272461,0.05368108624454149,0.6773948669433594,0.50048828125,0.3001213073730469
COAST_ECAM_shuffled,42,spatial_block,block_4_4,1,0,1,0,65535,0.0,0.0,0.0,0.0,0.9999847412109375,1.0,0.00152587890625,0.00152587890625,0.00152587890625
COAST_ECAM_shuffled,42,spatial_block,block_6_9,29,383997,13749,7363,1495435,0.9654327133396691,0.9811861201962387,0.9732456729509159,0.9478856307808515,0.9888916015625,0.016317457072771872,0.5043819032866379,0.30364990234375,0.3360090584590517
COAST_ECAM_shuffled,42,spatial_block,block_7_10,20,150599,5885,13669,1140567,0.9623923212596815,0.916788418925171,0.9390370130189046,0.8850798986794238,0.9850814819335938,-0.047385979009910636,0.9295654296875,0.42266845703125,-0.5938720703125
COAST_ECAM_shuffled,42,spatial_block,block_9_13,4,0,0,0,262144,0.0,0.0,0.0,0.0,1.0,0.0,0.0,0.0,0.0
COAST_ECAM_shuffled,42,spatial_block,block_9_16,1,0,7904,0,57632,0.0,0.0,0.0,0.0,0.87939453125,7904.0,12.060546875,12.060546875,12.060546875
COAST_ECAM_shuffled,1337,region,EstuariesA,71,593237,66862,21015,3971942,0.8987091330239858,0.9657876571830454,0.931041761649156,0.8709804819751172,0.9811141323035871,0.07463874761498539,1.3207019214898768,0.726318359375,0.9853094396456866
COAST_ECAM_shuffled,1337,spatial_block,block_0_1,16,52124,13534,6500,976418,0.7938712723506656,0.8891239082969432,0.8388020791420966,0.722359267163724,0.9808940887451172,0.11998498908296944,1.470184326171875,0.59814453125,0.6708145141601562
COAST_ECAM_shuffled,1337,spatial_block,block_4_4,1,0,0,0,65536,0.0,0.0,0.0,0.0,1.0,0.0,0.0,0.0,0.0
COAST_ECAM_shuffled,1337,spatial_block,block_6_9,29,386186,31729,5174,1477455,0.9240778627232811,0.9867794358135732,0.9543999258590662,0.9127772170867122,0.9805829278353987,0.06785312755519216,1.4329055259967673,1.32293701171875,1.3972315294989224
COAST_ECAM_shuffled,1337,spatial_block,block_7_10,20,154927,12595,9341,1133857,0.9248158450830338,0.9431356076655222,0.9338858916779712,0.875971797379893,0.98326416015625,0.01980909245866511,0.7476806640625,0.514984130859375,0.248260498046875
COAST_ECAM_shuffled,1337,spatial_block,block_9_13,4,0,0,0,262144,0.0,0.0,0.0,0.0,1.0,0.0,0.0,0.0,0.0
COAST_ECAM_shuffled,1337,spatial_block,block_9_16,1,0,9004,0,56532,0.0,0.0,0.0,0.0,0.86260986328125,9004.0,13.739013671875,13.739013671875,13.739013671875
COAST_ECAM_shuffled,3407,region,EstuariesA,71,593160,43321,21092,3995483,0.9319366956751262,0.9656623014658479,0.9484997997169456,0.9020443357619611,0.9861568397199604,0.036188730358224314,0.8380513795664613,0.33721923828125,0.47772904516945425
COAST_ECAM_shuffled,3407,spatial_block,block_0_1,16,53597,9949,5027,980003,0.8434362509048563,0.9142501364628821,0.8774167144138415,0.7816050048853047,0.9857177734375,0.08395878820960699,0.8983612060546875,0.727081298828125,0.46939849853515625
COAST_ECAM_shuffled,3407,spatial_block,block_4_4,1,0,0,0,65536,0.0,0.0,0.0,0.0,1.0,0.0,0.0,0.0,0.0
COAST_ECAM_shuffled,3407,spatial_block,block_6_9,29,384199,17692,7161,1491492,0.9559781134685773,0.9817022690106296,0.9686694375419678,0.9392424435035155,0.9869232177734375,0.026908728536385935,0.6677561792834051,0.2899169921875,0.5541045090247845
COAST_ECAM_shuffled,3407,spatial_block,block_7_10,20,155364,6635,8904,1139817,0.9590429570552904,0.9457958945138433,0.9523733629200528,0.9090770788107874,0.9881446838378907,-0.013812793727323643,0.5980682373046875,0.47454833984375,-0.1731109619140625
COAST_ECAM_shuffled,3407,spatial_block,block_9_13,4,0,0,0,262144,0.0,0.0,0.0,0.0,1.0,0.0,0.0,0.0,0.0
COAST_ECAM_shuffled,3407,spatial_block,block_9_16,1,0,9045,0,56491,0.0,0.0,0.0,0.0,0.8619842529296875,9045.0,13.80157470703125,13.80157470703125,13.80157470703125
COAST_ECAM_random_per_epoch,42,region,EstuariesA,71,583959,28380,30293,4010424,0.9536531235149157,0.95068310725891,0.9521657993572321,0.9086989132193852,0.9873904375962808,-0.003114356974010667,0.7260389730963909,0.2410888671875,-0.04111276545994718
COAST_ECAM_random_per_epoch,42,spatial_block,block_0_1,16,52796,5932,5828,984020,0.8989919629478272,0.9005867903930131,0.8997886699838208,0.81783257946589,0.9887847900390625,0.0017740174672489083,0.6580352783203125,0.531005859375,0.009918212890625
COAST_ECAM_random_per_epoch,42,spatial_block,block_4_4,1,0,0,0,65536,0.0,0.0,0.0,0.0,1.0,0.0,0.0,0.0,0.0
COAST_ECAM_random_per_epoch,42,spatial_block,block_6_9,29,382093,10145,9267,1499039,0.974135601344082,0.9763210343417825,0.9752270934836591,0.9516519096897922,0.9897860823006466,0.0022434587080948486,0.29486294450431033,0.21820068359375,0.046197299299568964
COAST_ECAM_random_per_epoch,42,spatial_block,block_7_10,20,149070,4438,15198,1142014,0.9710894546212575,0.90748045876251,0.9382080459186386,0.8836081704266594,0.9850189208984375,-0.06550271507536465,1.023406982421875,0.316619873046875,-0.8209228515625
COAST_ECAM_random_per_epoch,42,spatial_block,block_9_13,4,0,0,0,262144,0.0,0.0,0.0,0.0,1.0,0.0,0.0,0.0,0.0
COAST_ECAM_random_per_epoch,42,spatial_block,block_9_16,1,0,7865,0,57671,0.0,0.0,0.0,0.0,0.8799896240234375,7865.0,12.00103759765625,12.00103759765625,12.00103759765625
COAST_ECAM_random_per_epoch,1337,region,EstuariesA,71,598924,95852,15328,3942952,0.8620389881055189,0.9750460722960609,0.9150667518184087,0.8434313846985794,0.976106025803257,0.13109277625469676,1.8484626017825705,0.98724365234375,1.730561592209507
COAST_ECAM_random_per_epoch,1337,spatial_block,block_0_1,16,55462,35491,3162,954461,0.6097874726507098,0.9460630458515283,0.741584601910245,0.5893003240716145,0.9631376266479492,0.5514635644104804,3.266429901123047,2.951812744140625,3.0831336975097656
COAST_ECAM_random_per_epoch,1337,spatial_block,block_4_4,1,0,0,0,65536,0.0,0.0,0.0,0.0,1.0,0.0,0.0,0.0,0.0
COAST_ECAM_random_per_epoch,1337,spatial_block,block_6_9,29,387344,38744,4016,1470440,0.9090704267663018,0.9897383483237939,0.9476908622928821,0.9005821847739152,0.9775011786099138,0.08873671300081766,1.8278976966594827,1.78985595703125,1.8272662984913792
COAST_ECAM_random_per_epoch,1337,spatial_block,block_7_10,20,156118,12372,8150,1134080,0.926571309870022,0.950385954659459,0.9383275533565945,0.8838201992753624,0.9843429565429688,0.025701901770277837,0.593109130859375,0.61492919921875,0.322113037109375
COAST_ECAM_random_per_epoch,1337,spatial_block,block_9_13,4,0,0,0,262144,0.0,0.0,0.0,0.0,1.0,0.0,0.0,0.0,0.0
COAST_ECAM_random_per_epoch,1337,spatial_block,block_9_16,1,0,9245,0,56291,0.0,0.0,0.0,0.0,0.8589324951171875,9245.0,14.10675048828125,14.10675048828125,14.10675048828125
COAST_ECAM_random_per_epoch,3407,region,EstuariesA,71,591369,32531,22883,4006273,0.947858631190896,0.9627465600437606,0.955244590324436,0.9143236603312085,0.9880908375055018,0.015706908565214277,0.7870526380941901,0.2899169921875,0.20734760123239437
COAST_ECAM_random_per_epoch,3407,spatial_block,block_0_1,16,50529,2848,8095,987104,0.9466436854825112,0.8619166211790393,0.9022955152181151,0.8219839927121291,0.9895639419555664,-0.08950259279475982,0.6712913513183594,0.29144287109375,-0.5003929138183594
COAST_ECAM_random_per_epoch,3407,spatial_block,block_4_4,1,0,0,0,65536,0.0,0.0,0.0,0.0,1.0,0.0,0.0,0.0,0.0
COAST_ECAM_random_per_epoch,3407,spatial_block,block_6_9,29,386757,18000,4603,1491184,0.9555288728792831,0.98823845053148,0.971608444486931,0.9447845417236662,0.9881070893386315,0.034231909239574816,0.85296630859375,0.421142578125,0.7049034381734913
COAST_ECAM_random_per_epoch,3407,spatial_block,block_7_10,20,154083,5343,10185,1141109,0.9664860185916977,0.9379976623566367,0.952028767909934,0.908449334064418,0.988153076171875,-0.02947622178391409,0.5364990234375,0.252532958984375,-0.369415283203125
COAST_ECAM_random_per_epoch,3407,spatial_block,block_9_13,4,0,0,0,262144,0.0,0.0,0.0,0.0,1.0,0.0,0.0,0.0,0.0
COAST_ECAM_random_per_epoch,3407,spatial_block,block_9_16,1,0,6340,0,59196,0.0,0.0,0.0,0.0,0.90325927734375,6340.0,9.674072265625,9.674072265625,9.674072265625
COAST_ECAM_prior_only_gating,42,region,EstuariesA,71,600149,69541,14103,3969263,0.8961594170437068,0.9770403677969303,0.9348537550756648,0.8776764313176648,0.982023857009243,0.09025286038954695,1.3921603350572183,0.7110595703125,1.1914320395026408
COAST_ECAM_prior_only_gating,42,spatial_block,block_0_1,16,56038,26254,2586,963698,0.6809653429251932,0.9558883733624454,0.7953390672452492,0.6602181955276986,0.9724960327148438,0.4037254366812227,2.4637222290039062,1.5350341796875,2.2571563720703125
COAST_ECAM_prior_only_gating,42,spatial_block,block_4_4,1,0,1,0,65535,0.0,0.0,0.0,0.0,0.9999847412109375,1.0,0.00152587890625,0.00152587890625,0.00152587890625
COAST_ECAM_prior_only_gating,42,spatial_block,block_6_9,29,387733,24081,3627,1485103,0.9415245717726936,0.9907323180703189,0.9655018713250164,0.933304608837356,0.9854210162984913,0.05226390024529844,1.0846368197737069,1.13677978515625,1.0762181775323276
COAST_ECAM_prior_only_gating,42,spatial_block,block_7_10,20,156378,10281,7890,1136171,0.9383111623134665,0.951968734020016,0.9450906091066444,0.8958974270835124,0.9861366271972656,0.014555482504200454,0.7175445556640625,0.513458251953125,0.1824188232421875
COAST_ECAM_prior_only_gating,42,spatial_block,block_9_13,4,0,0,0,262144,0.0,0.0,0.0,0.0,1.0,0.0,0.0,0.0,0.0
COAST_ECAM_prior_only_gating,42,spatial_block,block_9_16,1,0,8924,0,56612,0.0,0.0,0.0,0.0,0.86383056640625,8924.0,13.616943359375,13.616943359375,13.616943359375
COAST_ECAM_prior_only_gating,1337,region,EstuariesA,71,592577,40895,21675,3997909,0.9354430819357445,0.9647131796070668,0.9498526917806952,0.9044947164529488,0.9865529234980194,0.03129008940955829,0.8447781415052817,0.482177734375,0.4130618672975352
COAST_ECAM_prior_only_gating,1337,spatial_block,block_0_1,16,53273,8325,5351,981627,0.8648495081009123,0.9087233897379913,0.8862437823355119,0.7957251041837817,0.9869575500488281,0.050730076419213975,0.9229660034179688,0.628662109375,0.28362274169921875
COAST_ECAM_prior_only_gating,1337,spatial_block,block_4_4,1,0,0,0,65536,0.0,0.0,0.0,0.0,1.0,0.0,0.0,0.0,0.0
COAST_ECAM_prior_only_gating,1337,spatial_block,block_6_9,29,384807,15983,6553,1493201,0.9601212605104917,0.983255825838103,0.9715508426429387,0.9446756173544163,0.9881423424030172,0.024095461978740802,0.6792791958512931,0.48980712890625,0.4961737271012931
COAST_ECAM_prior_only_gating,1337,spatial_block,block_7_10,20,154497,8210,9771,1138242,0.9495411998254532,0.9405179341076777,0.9450080281362078,0.895749023063811,0.9862815856933593,-0.009502763776268049,0.6365203857421875,0.51727294921875,-0.1190948486328125
COAST_ECAM_prior_only_gating,1337,spatial_block,block_9_13,4,0,0,0,262144,0.0,0.0,0.0,0.0,1.0,0.0,0.0,0.0,0.0
COAST_ECAM_prior_only_gating,1337,spatial_block,block_9_16,1,0,8377,0,57159,0.0,0.0,0.0,0.0,0.8721771240234375,8377.0,12.78228759765625,12.78228759765625,12.78228759765625
COAST_ECAM_prior_only_gating,3407,region,EstuariesA,71,600090,75482,14162,3963322,0.8882694960714772,0.9769443160136231,0.9304990448304238,0.8700310554503621,0.9807343818772007,0.09982873478637432,1.494931503080986,0.66986083984375,1.317843584947183
COAST_ECAM_prior_only_gating,3407,spatial_block,block_0_1,16,55996,37992,2628,951960,0.5957781844490786,0.9551719432314411,0.7338348229492292,0.5795727415748945,0.9612617492675781,0.6032341703056768,3.3992767333984375,3.632354736328125,3.3725738525390625
COAST_ECAM_prior_only_gating,3407,spatial_block,block_4_4,1,0,0,0,65536,0.0,0.0,0.0,0.0,1.0,0.0,0.0,0.0,0.0
COAST_ECAM_prior_only_gating,3407,spatial_block,block_6_9,29,387270,21089,4090,1488095,0.9483567155370642,0.9895492641046607,0.9685151909603252,0.9389524523031938,0.9867516879377694,0.043435711365494685,0.9222096410290949,0.79193115234375,0.8944281216325431
COAST_ECAM_prior_only_gating,3407,spatial_block,block_7_10,20,156824,8275,7444,1138177,0.9498785577138565,0.9546838093846641,0.9522751216722845,0.9088980717850044,0.9880073547363282,0.005058806340857623,0.6304168701171875,0.4730224609375,0.0634002685546875
COAST_ECAM_prior_only_gating,3407,spatial_block,block_9_13,4,0,0,0,262144,0.0,0.0,0.0,0.0,1.0,0.0,0.0,0.0,0.0
COAST_ECAM_prior_only_gating,3407,spatial_block,block_9_16,1,0,8126,0,57410,0.0,0.0,0.0,0.0,0.876007080078125,8126.0,12.3992919921875,12.3992919921875,12.3992919921875
COAST_ECAM_no_gating,42,region,EstuariesA,71,581937,29645,32315,4009159,0.9515273503798346,0.9473912986852302,0.9494548201464366,0.9037734296013182,0.9866840201364436,-0.004346750193731563,0.8326140927596831,0.372314453125,-0.05738164337588028
COAST_ECAM_no_gating,42,spatial_block,block_0_1,16,52642,4765,5982,985187,0.9169961851342171,0.8979598799126638,0.9073782006527739,0.8304595434539116,0.989750862121582,-0.020759415938864628,0.5204200744628906,0.457763671875,-0.11606216430664062
COAST_ECAM_no_gating,42,spatial_block,block_4_4,1,0,0,0,65536,0.0,0.0,0.0,0.0,1.0,0.0,0.0,0.0,0.0
COAST_ECAM_no_gating,42,spatial_block,block_6_9,29,381135,12423,10225,1496761,0.9684341316908817,0.9738731602616517,0.9711460305402699,0.9439104667606115,0.9880834119073276,0.005616312346688471,0.5832014412715517,0.445556640625,0.11565109779094827
COAST_ECAM_no_gating,42,spatial_block,block_7_10,20,148160,4778,16108,1141674,0.9687585819090089,0.90194073100056,0.9341563526536117,0.8764478307679566,0.9840652465820312,-0.06897265444273991,1.107940673828125,0.334930419921875,-0.864410400390625
COAST_ECAM_no_gating,42,spatial_block,block_9_13,4,0,0,0,262144,0.0,0.0,0.0,0.0,1.0,0.0,0.0,0.0,0.0
COAST_ECAM_no_gating,42,spatial_block,block_9_16,1,0,7679,0,57857,0.0,0.0,0.0,0.0,0.8828277587890625,7679.0,11.71722412109375,11.71722412109375,11.71722412109375
COAST_ECAM_no_gating,1337,region,EstuariesA,71,589349,39512,24903,3999292,0.9371689451245983,0.9594580074627351,0.9481825063364138,0.9014705612422832,0.9861564098949164,0.023783398344653334,0.9256497235365317,0.408935546875,0.313965703400088
COAST_ECAM_no_gating,1337,spatial_block,block_0_1,16,48677,4316,9947,985636,0.9185552808861548,0.8303254639737991,0.8722148059878364,0.7733873530346361,0.9863977432250977,-0.09605281113537117,1.0258674621582031,0.469207763671875,-0.5370140075683594
COAST_ECAM_no_gating,1337,spatial_block,block_4_4,1,0,0,0,65536,0.0,0.0,0.0,0.0,1.0,0.0,0.0,0.0,0.0
COAST_ECAM_no_gating,1337,spatial_block,block_6_9,29,386410,19020,4950,1490164,0.9530868460646721,0.9873517988552739,0.9699167911238867,0.9415907207953604,0.9873878215921337,0.03595155355682747,0.7774616109913793,0.45623779296875,0.7403143521012931
COAST_ECAM_no_gating,1337,spatial_block,block_7_10,20,154262,7496,10006,1138956,0.9536591698710419,0.939087345070251,0.9463171648881898,0.8981043757714072,0.9866470336914063,-0.015279908442301605,0.675811767578125,0.4791259765625,-0.191497802734375
COAST_ECAM_no_gating,1337,spatial_block,block_9_13,4,0,0,0,262144,0.0,0.0,0.0,0.0,1.0,0.0,0.0,0.0,0.0
COAST_ECAM_no_gating,1337,spatial_block,block_9_16,1,0,8680,0,56856,0.0,0.0,0.0,0.0,0.8675537109375,8680.0,13.24462890625,13.24462890625,13.24462890625
COAST_ECAM_no_gating,3407,region,EstuariesA,71,586660,43200,27592,3995604,0.9314133299463373,0.9550803253387861,0.9430983705642082,0.892323698155911,0.9847859127420775,0.02540976667556638,1.0429274867957747,0.44403076171875,0.33543546434859156
COAST_ECAM_no_gating,3407,spatial_block,block_0_1,16,52683,13299,5941,976653,0.7984450304628535,0.8986592521834061,0.8455933101129794,0.732491692504484,0.9816513061523438,0.12551173580786026,1.3067245483398438,0.771331787109375,0.7017135620117188
COAST_ECAM_no_gating,3407,spatial_block,block_4_4,1,0,0,0,65536,0.0,0.0,0.0,0.0,1.0,0.0,0.0,0.0,0.0
COAST_ECAM_no_gating,3407,spatial_block,block_6_9,29,379361,15444,11999,1493740,0.9608819543825433,0.9693402493867539,0.9650925696254692,0.9325399946903177,0.9855604500606142,0.008802636958299264,0.966302279768319,0.42572021484375,0.1812638907596983
COAST_ECAM_no_gating,3407,spatial_block,block_7_10,20,154616,6377,9652,1140075,0.9603895821557459,0.9412423600457789,0.9507195759707969,0.9060681531835096,0.9877708435058594,-0.019936932330094723,0.6394195556640625,0.59051513671875,-0.2498626708984375
COAST_ECAM_no_gating,3407,spatial_block,block_9_13,4,0,0,0,262144,0.0,0.0,0.0,0.0,1.0,0.0,0.0,0.0,0.0
COAST_ECAM_no_gating,3407,spatial_block,block_9_16,1,0,8080,0,57456,0.0,0.0,0.0,0.0,0.876708984375,8080.0,12.3291015625,12.3291015625,12.3291015625
COAST_ECAM_zero,42,region,EstuariesA,71,583833,30500,30419,4008304,0.9503526588999777,0.9504779797216778,0.9504153151791578,0.9055156091024146,0.986907744071853,0.00013186770250646313,0.7862144792583626,0.2685546875,0.0017407914282570422
COAST_ECAM_zero,42,spatial_block,block_0_1,16,53042,5880,5582,984072,0.9002070533926207,0.9047830240174672,0.9024892382551615,0.822305593451569,0.9890689849853516,0.005083242358078602,0.6519317626953125,0.487518310546875,0.02841949462890625
COAST_ECAM_zero,42,spatial_block,block_4_4,1,0,0,0,65536,0.0,0.0,0.0,0.0,1.0,0.0,0.0,0.0,0.0
COAST_ECAM_zero,42,spatial_block,block_6_9,29,382354,12271,9006,1496913,0.9689046563192905,0.9769879394930499,0.9729295088323657,0.9472860112330321,0.9888047843143858,0.008342702371218315,0.41730157260237066,0.2685546875,0.17179291823814655
COAST_ECAM_zero,42,spatial_block,block_7_10,20,148437,4747,15831,1141705,0.9690111238771674,0.9036269997808459,0.9351776016526638,0.8782474928260805,0.9843002319335937,-0.06747510166313585,1.084442138671875,0.3509521484375,-0.84564208984375
COAST_ECAM_zero,42,spatial_block,block_9_13,4,0,0,0,262144,0.0,0.0,0.0,0.0,1.0,0.0,0.0,0.0,0.0
COAST_ECAM_zero,42,spatial_block,block_9_16,1,0,7602,0,57934,0.0,0.0,0.0,0.0,0.884002685546875,7602.0,11.5997314453125,11.5997314453125,11.5997314453125
COAST_ECAM_zero,1337,region,EstuariesA,71,594078,66992,20174,3971812,0.8986612612885171,0.9671568020942545,0.9316517710816273,0.8720487813470651,0.9812669351067341,0.0762195320487357,1.3676603075484155,0.89569091796875,1.0061774455325705
COAST_ECAM_zero,1337,spatial_block,block_0_1,16,55821,21972,2803,967980,0.7175581350507115,0.9521868176855895,0.8183877375981963,0.6926026105513922,0.9763727188110352,0.3269821233624454,1.8897056579589844,1.458740234375,1.8280982971191406
COAST_ECAM_zero,1337,spatial_block,block_4_4,1,0,0,0,65536,0.0,0.0,0.0,0.0,1.0,0.0,0.0,0.0,0.0
COAST_ECAM_zero,1337,spatial_block,block_6_9,29,385544,25690,5816,1483494,0.9375294844297893,0.9851390024529845,0.9607447850340257,0.9244551013067978,0.983422641096444,0.05078188879803761,1.0618012526939655,0.84991455078125,1.0457005994073276
COAST_ECAM_zero,1337,spatial_block,block_7_10,20,152713,10671,11555,1135781,0.9346876071096313,0.9296576326490856,0.932165834482427,0.8729499997141861,0.9830429077148437,-0.0053814498258942705,1.1431884765625,0.71563720703125,-0.06744384765625
COAST_ECAM_zero,1337,spatial_block,block_9_13,4,0,0,0,262144,0.0,0.0,0.0,0.0,1.0,0.0,0.0,0.0,0.0
COAST_ECAM_zero,1337,spatial_block,block_9_16,1,0,8659,0,56877,0.0,0.0,0.0,0.0,0.8678741455078125,8659.0,13.21258544921875,13.21258544921875,13.21258544921875
COAST_ECAM_zero,3407,region,EstuariesA,71,584514,28647,29738,4010157,0.9532798074241512,0.9515866452205284,0.9524324738286022,0.9091848019673385,0.9874523324026189,-0.0017761439930191517,0.7487767179247359,0.2044677734375,-0.02344695615096831
COAST_ECAM_zero,3407,spatial_block,block_0_1,16,48949,2815,9675,987137,0.9456185766169539,0.8349652019650655,0.886853643511478,0.7967089308094207,0.9880886077880859,-0.11701692139737992,0.7513046264648438,0.3509521484375,-0.6542205810546875
COAST_ECAM_zero,3407,spatial_block,block_4_4,1,0,3,0,65533,0.0,0.0,0.0,0.0,0.9999542236328125,3.0,0.00457763671875,0.00457763671875,0.00457763671875
COAST_ECAM_zero,3407,spatial_block,block_6_9,29,384514,13271,6846,1495913,0.9666377565770454,0.9825071545380213,0.9745078534358139,0.9502830974393954,0.9894151358768858,0.01641710956663941,0.4674977269665948,0.2044677734375,0.33806110250538796
COAST_ECAM_zero,3407,spatial_block,block_7_10,20,151051,4379,13217,1142073,0.9718265457118961,0.9195400199673704,0.944960556524721,0.8956637236357599,0.9865753173828125,-0.053802323033092264,0.7550048828125,0.19073486328125,-0.674285888671875
COAST_ECAM_zero,3407,spatial_block,block_9_13,4,0,0,0,262144,0.0,0.0,0.0,0.0,1.0,0.0,0.0,0.0,0.0
COAST_ECAM_zero,3407,spatial_block,block_9_16,1,0,8179,0,57357,0.0,0.0,0.0,0.0,0.8751983642578125,8179.0,12.48016357421875,12.48016357421875,12.48016357421875
COAST_ECAM_constant,42,region,EstuariesA,71,593107,99420,21145,3939384,0.8564388103279728,0.9655760176605042,0.9077387989854053,0.8310638500599715,0.974089071784221,0.12743141251473336,2.1008773588798415,0.59661865234375,1.6822277660101232
COAST_ECAM_constant,42,spatial_block,block_0_1,16,52626,67347,5998,922605,0.43864869595659023,0.8976869541484717,0.5893268084005959,0.41776281842646323,0.9300527572631836,1.0464826692139737,6.383800506591797,5.55267333984375,5.850696563720703
COAST_ECAM_constant,42,spatial_block,block_4_4,1,0,0,0,65536,0.0,0.0,0.0,0.0,1.0,0.0,0.0,0.0,0.0
COAST_ECAM_constant,42,spatial_block,block_6_9,29,386192,17224,5168,1491960,0.9573046185575188,0.9867947669664758,0.9718260239358042,0.945196091868502,0.9882181101831896,0.03080539656582175,0.6698082233297413,0.45013427734375,0.634344692887931
COAST_ECAM_constant,42,spatial_block,block_7_10,20,154289,6780,9979,1139672,0.957906238941075,0.939251710619232,0.9484872609012727,0.9020216547401899,0.9872138977050782,-0.01947427374777802,0.7642364501953125,0.52947998046875,-0.2440643310546875
COAST_ECAM_constant,42,spatial_block,block_9_13,4,0,0,0,262144,0.0,0.0,0.0,0.0,1.0,0.0,0.0,0.0,0.0
COAST_ECAM_constant,42,spatial_block,block_9_16,1,0,8069,0,57467,0.0,0.0,0.0,0.0,0.8768768310546875,8069.0,12.31231689453125,12.31231689453125,12.31231689453125
COAST_ECAM_constant,1337,region,EstuariesA,71,598134,71853,16118,3966951,0.8927546355377045,0.9737599551975411,0.9314995106046141,0.8717820158722062,0.9810939305265185,0.09073637529873732,1.3051852374009683,0.738525390625,1.19781494140625
COAST_ECAM_constant,1337,spatial_block,block_0_1,16,55876,18785,2748,971167,0.748396083631347,0.953125,0.8384439359262807,0.7218282111899134,0.9794645309448242,0.27355690502183405,1.5793800354003906,1.1322021484375,1.5294075012207031
COAST_ECAM_constant,1337,spatial_block,block_4_4,1,0,0,0,65536,0.0,0.0,0.0,0.0,1.0,0.0,0.0,0.0,0.0
COAST_ECAM_constant,1337,spatial_block,block_6_9,29,386642,32589,4718,1476595,0.9222648134322128,0.9879446034341782,0.9539755561060943,0.9120012076924348,0.9803703571188038,0.07121576042518397,1.4756301353717673,1.18560791015625,1.4664748619342673
COAST_ECAM_constant,1337,spatial_block,block_7_10,20,155616,11342,8652,1135110,0.9320667473256747,0.9473299729709986,0.9396363812014589,0.8861454359091168,0.9847457885742188,0.016375678768841162,0.53314208984375,0.61798095703125,0.205230712890625
COAST_ECAM_constant,1337,spatial_block,block_9_13,4,0,0,0,262144,0.0,0.0,0.0,0.0,1.0,0.0,0.0,0.0,0.0
COAST_ECAM_constant,1337,spatial_block,block_9_16,1,0,9137,0,56399,0.0,0.0,0.0,0.0,0.8605804443359375,9137.0,13.94195556640625,13.94195556640625,13.94195556640625
COAST_ECAM_constant,3407,region,EstuariesA,71,590383,33563,23869,4005241,0.9462084859907749,0.9611413556651016,0.9536164652175023,0.9113450599322337,0.9876571440360915,0.01578179639626733,0.7208165988116197,0.3204345703125,0.20833619883362675
COAST_ECAM_constant,3407,spatial_block,block_0_1,16,50893,4852,7731,985100,0.912960803659521,0.8681256823144105,0.889978927855825,0.8017675972020921,0.9879999160766602,-0.04910957969432314,0.5454063415527344,0.32958984375,-0.2745628356933594
COAST_ECAM_constant,3407,spatial_block,block_4_4,1,0,18,0,65518,0.0,0.0,0.0,0.0,0.999725341796875,18.0,0.0274658203125,0.0274658203125,0.0274658203125
COAST_ECAM_constant,3407,spatial_block,block_6_9,29,385259,15944,6101,1493240,0.9602595194951185,0.9844107726901064,0.9721851764460412,0.9458758077504763,0.9884006894867996,0.025150756336876533,0.7759357320851293,0.64697265625,0.5179043473868534
COAST_ECAM_constant,3407,spatial_block,block_7_10,20,154231,6154,10037,1140298,0.9616298282258315,0.9388986290695692,0.9501282908207769,0.9049946603138093,0.9876472473144531,-0.02363820098862834,0.4929351806640625,0.295257568359375,-0.2962493896484375
COAST_ECAM_constant,3407,spatial_block,block_9_13,4,0,0,0,262144,0.0,0.0,0.0,0.0,1.0,0.0,0.0,0.0,0.0
COAST_ECAM_constant,3407,spatial_block,block_9_16,1,0,6595,0,58941,0.0,0.0,0.0,0.0,0.8993682861328125,6595.0,10.06317138671875,10.06317138671875,10.06317138671875
SNUNetCDLiteNoECAM,42,region,EstuariesA,71,594636,177279,19616,3861525,0.7703387030955481,0.9680652240448545,0.8579572302610838,0.7512478980608467,0.9576847989794234,0.25667478494168516,3.6549527880171655,0.3173828125,3.3883752957196305
SNUNetCDLiteNoECAM,42,spatial_block,block_0_1,16,56506,148485,2118,841467,0.2756511261470016,0.9638714519650655,0.42870094645566004,0.2728321801563428,0.8563737869262695,2.4967078329694323,13.98324966430664,13.977813720703125,13.95864486694336
SNUNetCDLiteNoECAM,42,spatial_block,block_4_4,1,0,53,0,65483,0.0,0.0,0.0,0.0,0.9991912841796875,53.0,0.08087158203125,0.08087158203125,0.08087158203125
SNUNetCDLiteNoECAM,42,spatial_block,block_6_9,29,383711,14407,7649,1494777,0.9638122365730764,0.9804553352412101,0.9720625527242117,0.9456436822117127,0.9883949016702587,0.017267988552739165,0.38830987338362066,0.20294189453125,0.3555824016702586
SNUNetCDLiteNoECAM,42,spatial_block,block_7_10,20,154419,5552,9849,1140900,0.9652937094848442,0.9400431002995105,0.952501087160514,0.9093098574961724,0.9882499694824218,-0.02615847273966932,0.5513763427734375,0.305938720703125,-0.3278350830078125
SNUNetCDLiteNoECAM,42,spatial_block,block_9_13,4,0,28,0,262116,0.0,0.0,0.0,0.0,0.9998931884765625,28.0,0.01068115234375,0.01068115234375,0.01068115234375
SNUNetCDLiteNoECAM,42,spatial_block,block_9_16,1,0,8754,0,56782,0.0,0.0,0.0,0.0,0.866424560546875,8754.0,13.3575439453125,13.3575439453125,13.3575439453125
SNUNetCDLiteNoECAM,1337,region,EstuariesA,71,596822,73924,17430,3964880,0.8897883848729623,0.9716240240162018,0.9289072823454657,0.8672519820511032,0.9803668814645686,0.09197202451111271,1.505978006712148,0.42877197265625,1.2141268018265845
SNUNetCDLiteNoECAM,1337,spatial_block,block_0_1,16,56224,45566,2400,944386,0.5523528833873661,0.959061135371179,0.7009861982116622,0.539629522986851,0.9542560577392578,0.736319596069869,4.214668273925781,4.430389404296875,4.116630554199219
SNUNetCDLiteNoECAM,1337,spatial_block,block_4_4,1,0,14,0,65522,0.0,0.0,0.0,0.0,0.999786376953125,14.0,0.0213623046875,0.0213623046875,0.0213623046875
SNUNetCDLiteNoECAM,1337,spatial_block,block_6_9,29,386128,14118,5232,1495066,0.9647266930837535,0.9866312346688471,0.9755560215556781,0.9522785453218177,0.9898187045393319,0.02270543744889616,0.5041714372306034,0.29296875,0.4675503434806034
SNUNetCDLiteNoECAM,1337,spatial_block,block_7_10,20,154470,5953,9798,1140499,0.9628918546592447,0.9403535685586968,0.951489262097926,0.9074673512668825,0.9879829406738281,-0.023406871697469987,0.6111907958984375,0.45013427734375,-0.2933502197265625
SNUNetCDLiteNoECAM,1337,spatial_block,block_9_13,4,0,0,0,262144,0.0,0.0,0.0,0.0,1.0,0.0,0.0,0.0,0.0
SNUNetCDLiteNoECAM,1337,spatial_block,block_9_16,1,0,8273,0,57263,0.0,0.0,0.0,0.0,0.8737640380859375,8273.0,12.62359619140625,12.62359619140625,12.62359619140625
SNUNetCDLiteNoECAM,3407,region,EstuariesA,71,592810,175775,21442,3863029,0.7713005067754379,0.9650925027513138,0.8573823234403743,0.7503667596170763,0.9576155971473371,0.251253557171975,3.6672457842759685,0.43487548828125,3.316809425891285
SNUNetCDLiteNoECAM,3407,spatial_block,block_0_1,16,56339,150284,2285,839668,0.2726656761347962,0.96102278930131,0.42480405056384674,0.26968330556991593,0.8544988632202148,2.5245462609170306,14.11428451538086,15.319061279296875,14.11428451538086
SNUNetCDLiteNoECAM,3407,spatial_block,block_4_4,1,0,29,0,65507,0.0,0.0,0.0,0.0,0.9995574951171875,29.0,0.04425048828125,0.04425048828125,0.04425048828125
SNUNetCDLiteNoECAM,3407,spatial_block,block_6_9,29,382211,12358,9149,1496826,0.9686797492960674,0.9766225470155355,0.9726349326715352,0.9467276663413571,0.9886837663321659,0.008199611610793132,0.3695257778825431,0.14190673828125,0.16884639345366378
SNUNetCDLiteNoECAM,3407,spatial_block,block_7_10,20,154260,5628,10008,1140824,0.9648003602521765,0.9390751698444006,0.9517639654975937,0.9079672270094646,0.9880706787109375,-0.02666374461246256,0.618896484375,0.428009033203125,-0.33416748046875
SNUNetCDLiteNoECAM,3407,spatial_block,block_9_13,4,0,10,0,262134,0.0,0.0,0.0,0.0,0.9999618530273438,10.0,0.003814697265625,0.00457763671875,0.003814697265625
SNUNetCDLiteNoECAM,3407,spatial_block,block_9_16,1,0,7466,0,58070,0.0,0.0,0.0,0.0,0.886077880859375,7466.0,11.3922119140625,11.3922119140625,11.3922119140625
