experiment,metric,n_spatial_blocks,bootstrap_iterations,point_estimate,bootstrap_95_ci_low,bootstrap_95_ci_high
COAST_ECAM,f1,6,10000,0.9499729063576575,0.7871404632158682,0.9672428231024285
COAST_ECAM,iou,6,10000,0.9047546859011959,0.6491640385433316,0.9366149701138177
COAST_ECAM,absolute_relative_area_error,6,10000,0.020220257049766762,0.014005173725346215,0.281215884279476
COAST_ECAM,patch_area_fraction_mae_pp,6,10000,0.8219329404159331,0.5439342151988636,1.684655083550347
COAST_ECAM_shuffled,f1,6,10000,0.9435014003434045,0.7638829230058573,0.9619604310636055
COAST_ECAM_shuffled,iou,6,10000,0.8931782033549648,0.6186506659789403,0.9268257307837588
COAST_ECAM_shuffled,absolute_relative_area_error,6,10000,0.042181384838795806,0.02268226745187175,0.38102711062590977
COAST_ECAM_shuffled,patch_area_fraction_mae_pp,6,10000,0.9830528581646126,0.6768756442599827,1.9572474464537437
COAST_ECAM_random_per_epoch,f1,6,10000,0.9408257138338584,0.7546555986798843,0.961714293933147
COAST_ECAM_random_per_epoch,iou,6,10000,0.8888179860830577,0.6105198599928289,0.9265286353223505
COAST_ECAM_random_per_epoch,absolute_relative_area_error,6,10000,0.049971347264640566,0.032643838924238194,0.42124954512372637
COAST_ECAM_random_per_epoch,patch_area_fraction_mae_pp,6,10000,1.1205180709910505,0.7191340128580729,2.01521979437934
COAST_ECAM_prior_only_gating,f1,6,10000,0.9384018305627606,0.715657319853281,0.9651076096381819
COAST_ECAM_prior_only_gating,iou,6,10000,0.8840674010736586,0.5593569498130826,0.9325796532672053
COAST_ECAM_prior_only_gating,absolute_relative_area_error,6,10000,0.07379056152849318,0.02057004407431758,0.64172807496361
COAST_ECAM_prior_only_gating,patch_area_fraction_mae_pp,6,10000,1.243956659881162,0.664352158368644,2.5857713487413196
COAST_ECAM_no_gating,f1,6,10000,0.9469118990161863,0.7682169157766019,0.965398142487733
COAST_ECAM_no_gating,iou,6,10000,0.8991892296665042,0.6242636431492888,0.9331232198092761
COAST_ECAM_no_gating,absolute_relative_area_error,6,10000,0.017846638404650426,0.01251556796993672,0.2808178675400291
COAST_ECAM_no_gating,patch_area_fraction_mae_pp,6,10000,0.9337304343639966,0.64617919921875,1.881196763780382
COAST_ECAM_zero,f1,6,10000,0.9448331866969623,0.765894158802307,0.9656260793400654
COAST_ECAM_zero,iou,6,10000,0.8955830641389394,0.6215655019919253,0.9336397828026111
COAST_ECAM_zero,absolute_relative_area_error,6,10000,0.02604251458142044,0.01752731443819726,0.34964633369723436
COAST_ECAM_zero,patch_area_fraction_mae_pp,6,10000,0.9675505015771714,0.6272590023347702,2.0116311532479743
COAST_ECAM_constant,f1,6,10000,0.9309515916030063,0.6918551168675711,0.9626100675699935
COAST_ECAM_constant,iou,6,10000,0.8713969752881372,0.5392691006915705,0.9280246054523446
COAST_ECAM_constant,absolute_relative_area_error,6,10000,0.07798319473657934,0.017612478794814975,0.6945107805676857
COAST_ECAM_constant,patch_area_fraction_mae_pp,6,10000,1.3756263983641432,0.6682045439369658,2.9077565832925614
SNUNetCDLiteNoECAM,f1,6,10000,0.8814156120161368,0.4797399003956569,0.9700541165722347
SNUNetCDLiteNoECAM,iou,6,10000,0.7896222132430087,0.3228673187697042,0.9418540428035183
SNUNetCDLiteNoECAM,absolute_relative_area_error,6,10000,0.19996678887492428,0.004044498531946562,2.1990311135371177
SNUNetCDLiteNoECAM,patch_area_fraction_mae_pp,6,10000,2.942725526335094,0.4103752179334393,9.28932769953856
