best_val_f1,epochs_completed,experiment,seed,test_f1,test_iou,test_oa,test_precision,test_recall
0.803299,38,FCSiamDiff,42,0.887131467937426,0.7971575547662769,0.9701703568579237,0.886240046531963,0.8880247846159414
0.816933,45,FCSiamDiff,1337,0.8955738371244745,0.8108952483627986,0.9719537009655381,0.8806395518100102,0.9110234887308611
0.794159,39,FCSiamDiff,2025,0.9053716564207844,0.8271042432527165,0.9746699803311851,0.8931652499547117,0.9179164251803954
0.802608,45,FCSiamDiff,3407,0.9328020849468259,0.8740667175881033,0.9825314803862025,0.9476181677695187,0.9184422679940939
0.778606,57,FCSiamDiff,9001,0.9344937243581694,0.8770420593107892,0.9829056430870168,0.9455932426552468,0.9236518562412619
0.776125,48,SNUNet,42,0.909002286544991,0.833184494326745,0.9757524947045345,0.9007472646913995,0.9174101183226238
0.77664,36,SNUNet,1337,0.9034438210111075,0.8238920439429793,0.9722560828840021,0.835641703978676,0.9832202418549743
0.791577,51,SNUNet,2025,0.9435265631591869,0.8930907534372498,0.9845411273794904,0.9111837965130855,0.9782499690679105
0.776827,36,SNUNet,3407,0.9300693184482097,0.8692800645386946,0.9814738958654059,0.9269194636188534,0.9332407546087057
0.764326,53,SNUNet,9001,0.9269000206516107,0.8637593249203175,0.9813290448255731,0.9592122838576777,0.8966938650584945
0.69585,62,ChangeFormer,42,0.8561390462493615,0.7484643396017253,0.9642084685849265,0.9119589101092556,0.806758463952774
0.718229,83,ChangeFormer,1337,0.8553463872112312,0.7472535490340035,0.9620318345620392,0.8604089176463745,0.8503431816256438
0.71892,39,ChangeFormer,2025,0.8602932292835377,0.7548374187932436,0.9623441024565155,0.8430453609953817,0.878261690641483
0.708547,65,ChangeFormer,3407,0.8366230288776969,0.7191332945221524,0.9607034602635137,0.927188359643571,0.762175784531306
0.701426,88,ChangeFormer,9001,0.85047501276831,0.7398491625682658,0.9635639459314275,0.927938660389853,0.7849481971567395
0.806556,66,BiT,42,0.9061748497364213,0.82844588180482,0.9749878359512335,0.8975490798867249,0.9149681238317636
0.820544,68,BiT,1337,0.919834173913401,0.8515676429110426,0.9785328180017396,0.907084268542323,0.9329477152698025
0.80801,37,BiT,2025,0.7853731864450593,0.6465963522738889,0.9336421053174316,0.6852836890185747,0.9197007091550504
0.809018,60,BiT,3407,0.9203830296131988,0.8525089429585403,0.9787157085579676,0.909117041229585,0.9319318455616047
0.802378,47,BiT,9001,0.9002396897773414,0.8185781684404478,0.9722322275940593,0.8561792208286854,0.949081158872751
0.814028,59,BiT_GWDA,42,0.9130328819443685,0.8399821473108162,0.9764219472105865,0.889752186138354,0.9375647128538551
0.818825,56,BiT_GWDA,1337,0.8022339393357589,0.669775214889014,0.9377871231293813,0.6911552469810769,0.9558536235940696
0.812362,35,BiT_GWDA,2025,0.8325869254686344,0.7131897253098725,0.9499217288594647,0.7451303147949768,0.9433033999073762
0.811303,45,BiT_GWDA,3407,0.8899512920538161,0.8017228212724549,0.9693100620323296,0.8449428863256657,0.9400246153043148
0.816014,63,BiT_GWDA,9001,0.9224475934874801,0.8560583046007108,0.9790232483769596,0.9009172318531031,0.9450323320069052
0.813953,44,BiT_GWDA_shuffled,42,0.9178961651512586,0.8482515521611563,0.9777859969877651,0.8962351806091254,0.9406302299380481
0.818449,45,BiT_GWDA_shuffled,1337,0.9106560327864264,0.835967473921887,0.9756875911228884,0.8843307334206284,0.9385968625253254
0.813836,35,BiT_GWDA_shuffled,2025,0.8442097727119688,0.7304178892640344,0.9539545623349267,0.7628093265772813,0.945058379948141
0.808371,45,BiT_GWDA_shuffled,3407,0.9207094601000688,0.8530692327028536,0.9787715858136894,0.9081295753503262,0.933642869701534
0.816714,63,BiT_GWDA_shuffled,9001,0.9248643052825074,0.8602303902878966,0.9799084730551066,0.9133114600048392,0.9367132707747087
0.811108,66,BiT_GWDA_random,42,0.8054095399836154,0.6742140082903954,0.9410518592511903,0.7137274477284318,0.9241174631908526
0.817096,45,BiT_GWDA_random,1337,0.9074073865951332,0.8305085233815898,0.9747000680842661,0.8777927583823263,0.939090145412479
0.819713,60,BiT_GWDA_random,2025,0.8889562673609014,0.8001092404751409,0.9688544474856746,0.8396816619814139,0.9443746214907002
0.80258,73,BiT_GWDA_random,3407,0.874715464533837,0.7773283340932435,0.9659986898932451,0.851583676918059,0.899139115542009
0.811284,57,BiT_GWDA_random,9001,0.905831390420629,0.8278719327925356,0.9739143479038084,0.8652585179606598,0.950396579905161
0.80517,73,OEP_BiT,42,0.9179393491327742,0.848325313980963,0.9774066763864228,0.8817380220438057,0.9572406764648781
0.821401,56,OEP_BiT,1337,0.9164517748842193,0.8457877978000574,0.9774554615289184,0.897109568813079,0.9366465229252918
0.814891,60,OEP_BiT,2025,0.8677459175500228,0.7663880561455437,0.9620675100406925,0.8038596949115661,0.9426635973507709
0.810684,73,OEP_BiT,3407,0.9184545249672359,0.8492057325072977,0.9778956023739888,0.8951803970356165,0.9429712886566193
0.807809,57,OEP_BiT,9001,0.9246061087543438,0.8597837585307275,0.9797462141009914,0.9089775129610489,0.9407816335964815
0.809801,66,COAST,42,0.9170008415458865,0.8467235885646086,0.9777314092071754,0.9026080210166689,0.9318602137232062
0.825041,39,COAST,1337,0.9100684053163264,0.834977627367513,0.975278612593509,0.8754497376779584,0.9475378183545276
0.814466,45,COAST,2025,0.8873426343319565,0.7974986293761939,0.9691211539254854,0.8558844038000366,0.9212017217687657
0.813612,73,COAST,3407,0.9207341945513681,0.8531117010317125,0.9785474320532361,0.8987498759796205,0.9438211027394385
0.808234,67,COAST,9001,0.9169549616292397,0.846645357737027,0.9782332299460618,0.923695634936215,0.9103120543358573
0.806959,66,COAST_shuffled,42,0.9184228286560104,0.849151540384122,0.978119326309398,0.9042638459813592,0.933032371078819
0.811854,40,COAST_shuffled,1337,0.8973797869867446,0.8138612612290294,0.9708277742627432,0.8376984855113215,0.9662174482132795
0.814953,45,COAST_shuffled,2025,0.8640690461388654,0.7606704710608542,0.9614954129071097,0.80909917590213,0.9270527405688663
0.812607,45,COAST_shuffled,3407,0.9167958575309596,0.8463741172172407,0.9779433129538743,0.9131086360060086,0.9205130793223432
0.812481,57,COAST_shuffled,9001,0.9150630740074761,0.84342522051756,0.976714013327994,0.8824395649917854,0.9501914523679288
0.811546,77,COAST_random,42,0.9209622449464849,0.8535033489845555,0.979247187224891,0.9260848666816585,0.9158960817382905
0.820881,56,COAST_random,1337,0.9147516932294902,0.842896302638179,0.9765358508472503,0.8789112318784897,0.9536395485890231
0.817352,56,COAST_random,2025,0.907510737029118,0.8306816911681298,0.9752573362538304,0.8957957657909134,0.9195362815259992
0.808088,62,COAST_random,3407,0.9176880783480755,0.847896204752357,0.9779770542198294,0.9057247865848356,0.9299717379836077
0.815732,57,COAST_random,9001,0.9180862044392749,0.8485761994041836,0.9774705054054588,0.8827234602663353,0.9564006303600222
0.803985,66,COAST_no_gating,42,0.9215511199295893,0.8545154338621391,0.9791511213275539,0.9155460719867802,0.9276355632540183
0.817906,45,COAST_no_gating,1337,0.9185253432293006,0.8493268242010693,0.9783032914282361,0.9107301178826372,0.9264552659167693
0.822568,56,COAST_no_gating,2025,0.9140276770178909,0.8416676463357305,0.9777124969052388,0.9311986811009746,0.8974785592882242
0.805784,75,COAST_no_gating,3407,0.9177059038716374,0.8479266397173586,0.977354022818531,0.8819306116994802,0.9565064501212928
0.805542,57,COAST_no_gating,9001,0.9236515938529866,0.8581344864022362,0.9793123057190591,0.9005739597654513,0.9479431894400103
0.808689,66,COAST_alpha005_val,42,,,,,
0.820548,39,COAST_alpha005_val,1337,,,,,
0.824657,56,COAST_alpha005_val,2025,,,,,
0.810056,60,COAST_alpha005_val,3407,,,,,
0.809959,57,COAST_alpha005_val,9001,,,,,
0.808903,66,COAST_alpha020_val,42,,,,,
0.818644,39,COAST_alpha020_val,1337,,,,,
0.817477,45,COAST_alpha020_val,2025,,,,,
0.812498,45,COAST_alpha020_val,3407,,,,,
0.807693,53,COAST_alpha020_val,9001,,,,,
