metric,n_paired_seeds,higher_is_better,coast_mean,coast_sd,official_snunetcd_mean,official_snunetcd_sd,coast_minus_official_snunetcd,bootstrap_95_ci_low,bootstrap_95_ci_high,paired_t_p,wilcoxon_p,paired_t_p_holm,wilcoxon_p_holm
pr_auc,5,True,0.9741083943385493,0.0058333176199558395,0.9849464278841396,0.006226497457942776,-0.010838033545590297,-0.019682670879779172,-0.0019933962114014213,0.09802357518039696,0.125,0.7022695109948442,1.0
brier_score,5,False,0.018802162190512305,0.003219487288000315,0.013630348667561062,0.003941478212247036,0.0051718135229512395,0.0003829636688968983,0.009960663377005581,0.14448343440196207,0.1875,0.7224171720098104,1.0
ece_10bin,5,False,0.014054396451927468,0.004669778444675757,0.012149585896576044,0.004933897775987391,0.0019048105553514238,-0.004650216732281815,0.008459837842984663,0.6489098881368838,0.8125,1.0,1.0
fixed_0p5_f1,5,True,0.9128077542967045,0.011902754554417602,0.9387109143952591,0.016970484127045393,-0.025903160098554645,-0.045272819162437486,-0.006533501034671807,0.08947583454395927,0.125,0.7022695109948442,1.0
fixed_0p5_iou,5,True,0.8397768392221046,0.020070347393353404,0.8848803988002303,0.02968516507056985,-0.04510355957812571,-0.07857087074987232,-0.01163624840637909,0.08778368887435553,0.125,0.7022695109948442,1.0
fixed_0p5_boundary_f1,5,True,0.539415971894225,0.033467230985152335,0.7613706914650563,0.046284420456177255,-0.22195471957083118,-0.2799910709360729,-0.16391836820558944,0.0026237483501456776,0.0625,0.026237483501456778,0.625
fixed_0p5_patch_area_fraction_mae_pp,5,False,1.4580525143045775,0.34852393743455556,1.2379047232614437,0.5317247281659134,0.22014779104313376,-0.34346889442121487,0.803287130006602,0.5540545269893641,0.8125,1.0,1.0
fixed_0p5_patch_area_fraction_median_ae_pp,5,False,0.84381103515625,0.26953259066925545,0.38177490234375,0.06461516154898314,0.4620361328125,0.2099609375,0.71014404296875,0.03487093083970866,0.0625,0.3138383775573779,0.625
fixed_0p5_patch_sampled_area_relative_bias,5,False,0.0532595742464005,0.048597012045921435,0.07217493797333993,0.04177228830451008,-0.018915363726939433,-0.07827471461224385,0.040443987158364975,0.606870740670495,0.625,1.0,1.0
fixed_0p5_patch_area_fraction_signed_error_pp,5,False,0.7030820174955986,0.6415313257186531,0.952784578565141,0.5514378429062948,-0.24970256106954225,-1.0333080023107395,0.533902880171655,0.606870740670495,0.625,1.0,1.0
